sample_index,status,runtime_sample_position,runtime_sample_index,runtime_measured,compatibility_seconds,initial_solver_seconds,partial_completion_seconds,rgls_seconds,refinement_total_seconds,inference_total_seconds,partial_completion_applied,partial_completion_error,partial_completion_missing_pieces,partial_completion_legal_translations,partial_completion_candidates,rounds_attempted,rounds_accepted,total_global_candidates,total_poses,total_recorded_poses,total_completion_candidates,total_recorded_completion_candidates,completion_beam_width,selected_row_shift,selected_column_shift,selected_completion_index,selected_completion_origin,prediction_changed,beam_prediction_changed_vs_s1a3,initial_e1_mean_adjacency_score,final_e1_mean_adjacency_score,final_e1_mutual_top1_edges,baseline_correct_pieces,completed_baseline_correct_pieces,s1a3_reference_correct_pieces,selected_correct_pieces,piece_change,beam_piece_change_vs_s1a3,baseline_PA,baseline_AA,baseline_HA,baseline_VA,baseline_SRA,baseline_NA,completed_baseline_PA,completed_baseline_AA,completed_baseline_HA,completed_baseline_VA,completed_baseline_SRA,completed_baseline_NA,s1a3_reference_PA,s1a3_reference_AA,s1a3_reference_HA,s1a3_reference_VA,s1a3_reference_SRA,s1a3_reference_NA,selected_PA,selected_AA,selected_HA,selected_VA,selected_SRA,selected_NA
0,no_strict_e1_improvement,0,0,0,0.32743852585554123,0.010552234947681427,0.0,0.003055611625313759,0.003055611625313759,0.3410463724285364,0,,,,,1,0,1,1,1,1,1,4,0,0,-1,current,0,0,0.007971417903900147,0.007971417903900147,39,25,25,25,25,0,0,1,1.0,1.0,1.0,1.0,1.0,1,1.0,1.0,1.0,1.0,1.0,1,1.0,1.0,1.0,1.0,1.0,1,1.0,1.0,1.0,1.0,1.0
1,no_strict_e1_improvement,1,1,0,0.09179156459867954,0.010845936834812164,0.0,0.003533514216542244,0.003533514216542244,0.10617101565003395,0,,,,,1,0,1,1,1,2,2,4,0,0,-1,current,0,0,0.031079918425530196,0.031079918425530196,36,25,25,25,25,0,0,1,1.0,1.0,1.0,1.0,1.0,1,1.0,1.0,1.0,1.0,1.0,1,1.0,1.0,1.0,1.0,1.0,1,1.0,1.0,1.0,1.0,1.0
2,no_strict_e1_improvement,2,2,0,0.08878261782228947,0.010685833171010017,0.0,0.002886870875954628,0.002886870875954628,0.10235532186925411,0,,,,,1,0,1,1,1,1,1,4,0,0,-1,current,0,0,0.006613688991637901,0.006613688991637901,35,25,25,25,25,0,0,1,1.0,1.0,1.0,1.0,1.0,1,1.0,1.0,1.0,1.0,1.0,1,1.0,1.0,1.0,1.0,1.0,1,1.0,1.0,1.0,1.0,1.0
3,max_rounds,3,3,0,0.08640679717063904,0.014107882976531982,0.0,0.07736526802182198,0.07736526802182198,0.177879948168993,0,,,,,1,1,7,6,6,21,21,4,-1,0,1,profiled_beam,1,1,0.10736813556868582,0.03865137721877545,23,8,8,2,23,15,21,0,0.32,0.6,0.75,0.675,0.675,0,0.32,0.6,0.75,0.675,0.675,0,0.08,0.7,0.8,0.75,0.75,0,0.92,0.85,0.9,0.875,0.875
4,no_strict_e1_improvement,4,4,0,0.08762064762413502,0.012037592008709908,0.0,0.0028812214732170105,0.0028812214732170105,0.10253946110606194,0,,,,,1,0,1,1,1,1,1,4,0,0,-1,current,0,0,0.00585856856778264,0.00585856856778264,39,25,25,25,25,0,0,1,1.0,1.0,1.0,1.0,1.0,1,1.0,1.0,1.0,1.0,1.0,1,1.0,1.0,1.0,1.0,1.0,1,1.0,1.0,1.0,1.0,1.0
5,max_rounds,5,5,0,0.08457408845424652,0.0151877012103796,0.0,0.14239498414099216,0.14239498414099216,0.2421567738056183,0,,,,,1,1,9,8,8,29,29,4,1,1,1,profiled_beam,1,1,0.20630192608805373,0.03523406548192724,28,0,0,0,25,25,25,0,0.0,0.55,0.65,0.6,0.6,0,0.0,0.55,0.65,0.6,0.6,0,0.0,0.75,1.0,0.875,0.875,1,1.0,1.0,1.0,1.0,1.0
6,max_rounds,6,6,0,0.08859553001821041,0.013821987435221672,0.0,0.07820610888302326,0.07820610888302326,0.18062362633645535,0,,,,,1,1,6,6,6,21,21,4,0,1,0,s1a3_greedy,1,0,0.06927440129220486,0.04576028836891055,28,0,0,21,21,21,0,0,0.0,0.75,1.0,0.875,0.875,0,0.0,0.75,1.0,0.875,0.875,0,0.84,0.8,0.9,0.85,0.85,0,0.84,0.8,0.9,0.85,0.85
7,no_strict_e1_improvement,7,7,0,0.08594016917049885,0.012558959424495697,0.0,0.0064735449850559235,0.0064735449850559235,0.10497267358005047,0,,,,,1,0,1,1,1,4,4,4,0,0,-1,current,0,0,0.08481811741366982,0.08481811741366982,28,0,0,0,0,0,0,0,0.0,0.95,0.75,0.85,0.85,0,0.0,0.95,0.75,0.85,0.85,0,0.0,0.95,0.75,0.85,0.85,0,0.0,0.95,0.75,0.85,0.85
8,no_strict_e1_improvement,8,8,0,0.08753964863717556,0.011211870238184929,0.0,0.0028831399977207184,0.0028831399977207184,0.10163465887308121,0,,,,,1,0,1,1,1,1,1,4,0,0,-1,current,0,0,0.019675954163540156,0.019675954163540156,33,25,25,25,25,0,0,1,1.0,1.0,1.0,1.0,1.0,1,1.0,1.0,1.0,1.0,1.0,1,1.0,1.0,1.0,1.0,1.0,1,1.0,1.0,1.0,1.0,1.0
9,max_rounds,9,9,0,0.08602087572216988,0.013183971866965294,0.0,0.010792318731546402,0.010792318731546402,0.10999716632068157,0,,,,,1,1,3,2,2,8,8,4,0,0,0,s1a3_greedy,1,0,0.0935790367948357,0.07477296324505005,27,0,0,1,1,1,0,0,0.0,0.6,0.8,0.7,0.75,0,0.0,0.6,0.8,0.7,0.75,0,0.04,0.65,0.75,0.7,0.725,0,0.04,0.65,0.75,0.7,0.725
10,max_rounds,10,10,0,0.07825595885515213,0.013758553192019463,0.0,0.06841529533267021,0.06841529533267021,0.1604298073798418,0,,,,,1,1,7,6,6,23,23,4,0,1,0,s1a3_greedy,1,0,0.19441675286507235,0.054264157253783196,24,2,2,0,0,-2,0,0,0.08,0.5,0.55,0.525,0.525,0,0.08,0.5,0.55,0.525,0.525,0,0.0,0.75,1.0,0.875,0.875,0,0.0,0.75,1.0,0.875,0.875
11,no_strict_e1_improvement,11,11,0,0.07647112384438515,0.012118693441152573,0.0,0.004376033321022987,0.004376033321022987,0.09296585060656071,0,,,,,1,0,1,1,1,3,3,4,0,0,-1,current,0,0,0.04704685438191518,0.04704685438191518,29,25,25,25,25,0,0,1,1.0,1.0,1.0,1.0,1.0,1,1.0,1.0,1.0,1.0,1.0,1,1.0,1.0,1.0,1.0,1.0,1,1.0,1.0,1.0,1.0,1.0
12,no_strict_e1_improvement,12,12,0,0.07640131190419197,0.015394248068332672,0.0,0.004787612706422806,0.004787612706422806,0.09658317267894745,0,,,,,1,0,1,1,1,2,2,4,0,0,-1,current,0,0,0.1653843100182712,0.1653843100182712,24,0,0,0,0,0,0,0,0.0,0.55,0.65,0.6,0.625,0,0.0,0.55,0.65,0.6,0.625,0,0.0,0.55,0.65,0.6,0.625,0,0.0,0.55,0.65,0.6,0.625
13,max_rounds,13,13,0,0.09624134004116058,0.012682588770985603,0.0,0.005209552124142647,0.005209552124142647,0.11413348093628883,0,,,,,1,1,2,1,1,3,3,4,0,0,0,s1a3_greedy,1,0,0.05593868126743473,0.04473842043080367,29,0,0,0,0,0,0,0,0.0,0.65,0.65,0.65,0.675,0,0.0,0.65,0.65,0.65,0.675,0,0.0,0.75,0.75,0.75,0.75,0,0.0,0.75,0.75,0.75,0.75
14,no_strict_e1_improvement,14,14,0,0.07965904846787453,0.012233253568410873,0.0,0.01282520778477192,0.01282520778477192,0.10471750982105732,0,,,,,1,0,3,2,2,8,8,4,0,0,-1,current,0,0,0.09311009151861072,0.09311009151861072,25,0,0,0,0,0,0,0,0.0,0.6,0.55,0.575,0.575,0,0.0,0.6,0.55,0.575,0.575,0,0.0,0.6,0.55,0.575,0.575,0,0.0,0.6,0.55,0.575,0.575
15,max_rounds,15,15,0,0.07847763039171696,0.015169652178883553,0.0,0.4457888603210449,0.4457888603210449,0.5394361428916454,0,,,,,1,1,17,16,16,63,63,4,-2,-2,1,profiled_beam,1,1,0.24132008869200944,0.09856234940234572,16,0,0,0,0,0,0,0,0.0,0.3,0.4,0.35,0.375,0,0.0,0.3,0.4,0.35,0.375,0,0.0,0.65,0.6,0.625,0.7,0,0.0,0.75,0.6,0.675,0.675
16,max_rounds,16,16,0,0.07761937566101551,0.013641668483614922,0.0,0.003994589671492577,0.003994589671492577,0.09525563381612301,0,,,,,1,1,2,1,1,2,2,4,0,0,0,s1a3_greedy,1,0,0.06724852187908255,0.05185275677940808,26,23,23,25,25,2,0,0,0.92,0.9,0.9,0.9,0.925,0,0.92,0.9,0.9,0.9,0.925,1,1.0,1.0,1.0,1.0,1.0,1,1.0,1.0,1.0,1.0,1.0
17,max_rounds,17,17,0,0.07926176115870476,0.013912484049797058,0.0,0.005722241476178169,0.005722241476178169,0.09889648668467999,0,,,,,1,1,2,1,1,3,3,4,0,0,0,s1a3_greedy,1,0,0.10936583550646901,0.07851653704419732,25,0,0,0,0,0,0,0,0.0,0.65,0.85,0.75,0.75,0,0.0,0.65,0.85,0.75,0.75,0,0.0,0.75,0.9,0.825,0.825,0,0.0,0.75,0.9,0.825,0.825
18,no_strict_e1_improvement,18,18,0,0.07656507566571236,0.0128096304833889,0.0,0.0029686596244573593,0.0029686596244573593,0.09234336577355862,0,,,,,1,0,1,1,1,1,1,4,0,0,-1,current,0,0,0.0604832336306572,0.0604832336306572,30,19,19,19,19,0,0,0,0.76,0.55,0.9,0.725,0.8,0,0.76,0.55,0.9,0.725,0.8,0,0.76,0.55,0.9,0.725,0.8,0,0.76,0.55,0.9,0.725,0.8
19,no_strict_e1_improvement,19,19,0,0.07834025844931602,0.012072471901774406,0.0,0.003133285790681839,0.003133285790681839,0.09354601614177227,0,,,,,1,0,1,1,1,1,1,4,0,0,-1,current,0,0,0.03273236509412527,0.03273236509412527,32,25,25,25,25,0,0,1,1.0,1.0,1.0,1.0,1.0,1,1.0,1.0,1.0,1.0,1.0,1,1.0,1.0,1.0,1.0,1.0,1,1.0,1.0,1.0,1.0,1.0
20,no_strict_e1_improvement,20,20,1,0.0774256382137537,0.012379275634884834,0.0,0.0037796925753355026,0.0037796925753355026,0.09358460642397404,0,,,,,1,0,1,1,1,2,2,4,0,0,-1,current,0,0,0.0320528266223846,0.0320528266223846,31,25,25,25,25,0,0,1,1.0,1.0,1.0,1.0,1.0,1,1.0,1.0,1.0,1.0,1.0,1,1.0,1.0,1.0,1.0,1.0,1,1.0,1.0,1.0,1.0,1.0
21,no_strict_e1_improvement,21,21,1,0.08066627569496632,0.01176719181239605,0.0,0.003214281052350998,0.003214281052350998,0.09564774855971336,0,,,,,1,0,1,1,1,1,1,4,0,0,-1,current,0,0,0.005390950790024362,0.005390950790024362,40,25,25,25,25,0,0,1,1.0,1.0,1.0,1.0,1.0,1,1.0,1.0,1.0,1.0,1.0,1,1.0,1.0,1.0,1.0,1.0,1,1.0,1.0,1.0,1.0,1.0
22,no_strict_e1_improvement,22,22,1,0.07626093178987503,0.013888765126466751,0.0,0.004587022587656975,0.004587022587656975,0.09473671950399876,0,,,,,1,0,1,1,1,3,3,4,0,0,-1,current,0,0,0.06161357239634526,0.06161357239634526,24,0,0,0,0,0,0,0,0.0,0.75,0.9,0.825,0.85,0,0.0,0.75,0.9,0.825,0.85,0,0.0,0.75,0.9,0.825,0.85,0,0.0,0.75,0.9,0.825,0.85
23,no_strict_e1_improvement,23,23,1,0.0773374866694212,0.012159032747149467,0.0,0.0055369120091199875,0.0055369120091199875,0.09503343142569065,0,,,,,1,0,1,1,1,3,3,4,0,0,-1,current,0,0,0.027621555747464298,0.027621555747464298,29,21,21,21,21,0,0,0,0.84,0.8,0.9,0.85,0.9,0,0.84,0.8,0.9,0.85,0.9,0,0.84,0.8,0.9,0.85,0.9,0,0.84,0.8,0.9,0.85,0.9
24,no_strict_e1_improvement,24,24,1,0.07615482062101364,0.01153191551566124,0.0,0.0030412115156650543,0.0030412115156650543,0.09072794765233994,0,,,,,1,0,1,1,1,1,1,4,0,0,-1,current,0,0,0.015006587840616703,0.015006587840616703,33,25,25,25,25,0,0,1,1.0,1.0,1.0,1.0,1.0,1,1.0,1.0,1.0,1.0,1.0,1,1.0,1.0,1.0,1.0,1.0,1,1.0,1.0,1.0,1.0,1.0
25,max_rounds,25,25,1,0.07730735838413239,0.015379877761006355,0.0,0.007851656526327133,0.007851656526327133,0.10053889267146587,0,,,,,1,1,2,1,1,4,4,4,0,0,0,s1a3_greedy,1,0,0.1685208622191567,0.03552432136202697,30,0,0,0,0,0,0,0,0.0,0.6,0.55,0.575,0.65,0,0.0,0.6,0.55,0.575,0.65,0,0.0,1.0,0.75,0.875,0.875,0,0.0,1.0,0.75,0.875,0.875
26,max_rounds,26,26,1,0.07695932127535343,0.014299064874649048,0.0,0.006488952785730362,0.006488952785730362,0.09774733893573284,0,,,,,1,1,2,1,1,4,4,4,0,0,1,profiled_beam,1,1,0.10218183448305354,0.08119292067131027,27,0,0,0,0,0,0,0,0.0,0.65,0.85,0.75,0.775,0,0.0,0.65,0.85,0.75,0.775,0,0.0,0.65,0.85,0.75,0.775,0,0.0,0.75,0.9,0.825,0.825
27,max_rounds,27,27,1,0.08363382332026958,0.012782998383045197,0.0,0.004718093201518059,0.004718093201518059,0.10113491490483284,0,,,,,1,1,2,1,1,3,3,4,0,0,0,s1a3_greedy,1,0,0.05594402481801808,0.05287987341871485,24,0,0,0,0,0,0,0,0.0,1.0,0.75,0.875,0.875,0,0.0,1.0,0.75,0.875,0.875,0,0.0,0.85,0.65,0.75,0.8,0,0.0,0.85,0.65,0.75,0.8
28,no_strict_e1_improvement,28,28,1,0.0776260569691658,0.018213260918855667,0.0,0.016307292506098747,0.016307292506098747,0.11214661039412022,0,,,,,1,0,3,2,2,8,8,4,0,0,-1,current,0,0,0.14782358824741096,0.14782358824741096,21,0,0,0,0,0,0,0,0.0,0.55,0.65,0.6,0.6,0,0.0,0.55,0.65,0.6,0.6,0,0.0,0.55,0.65,0.6,0.6,0,0.0,0.55,0.65,0.6,0.6
29,no_strict_e1_improvement,29,29,1,0.08066675812005997,0.012264823541045189,0.0,0.003126228228211403,0.003126228228211403,0.09605780988931656,0,,,,,1,0,1,1,1,1,1,4,0,0,-1,current,0,0,0.030371537106111644,0.030371537106111644,31,25,25,25,25,0,0,1,1.0,1.0,1.0,1.0,1.0,1,1.0,1.0,1.0,1.0,1.0,1,1.0,1.0,1.0,1.0,1.0,1,1.0,1.0,1.0,1.0,1.0
30,max_rounds,30,30,1,0.07814357243478298,0.017675068229436874,0.0,0.29160316847264767,0.29160316847264767,0.3874218091368675,0,,,,,1,1,13,12,12,47,47,4,-1,1,1,profiled_beam,1,1,0.19034898142563178,0.06480995269084815,21,0,0,0,0,0,0,0,0.0,0.15,0.7,0.425,0.425,0,0.0,0.15,0.7,0.425,0.425,0,0.0,0.55,0.5,0.525,0.525,0,0.0,0.6,0.8,0.7,0.7
31,no_strict_e1_improvement,31,31,1,0.08362318389117718,0.01233898475766182,0.0,0.0031554456800222397,0.0031554456800222397,0.09911761432886124,0,,,,,1,0,1,1,1,1,1,4,0,0,-1,current,0,0,0.00728912758640945,0.00728912758640945,37,25,25,25,25,0,0,1,1.0,1.0,1.0,1.0,1.0,1,1.0,1.0,1.0,1.0,1.0,1,1.0,1.0,1.0,1.0,1.0,1,1.0,1.0,1.0,1.0,1.0
32,max_rounds,32,32,1,0.07791249454021454,0.01305665448307991,0.0,0.029602671042084694,0.029602671042084694,0.12057182006537914,0,,,,,1,1,4,3,3,10,10,4,0,-2,0,s1a3_greedy,1,0,0.04576112944632769,0.031540319649502636,35,0,0,0,0,0,0,0,0.0,0.75,1.0,0.875,0.875,0,0.0,0.75,1.0,0.875,0.875,0,0.0,0.75,1.0,0.875,0.875,0,0.0,0.75,1.0,0.875,0.875
33,max_rounds,33,33,1,0.07891273684799671,0.01780189760029316,0.0,0.09017528034746647,0.09017528034746647,0.18688991479575634,0,,,,,1,1,7,6,6,23,23,4,0,0,1,profiled_beam,1,1,0.1693720147246495,0.13668571412563324,22,0,0,0,0,0,0,0,0.0,0.35,0.55,0.45,0.525,0,0.0,0.35,0.55,0.45,0.525,0,0.0,0.5,0.6,0.55,0.575,0,0.0,0.5,0.65,0.575,0.575
34,no_strict_e1_improvement,34,34,1,0.07999260351061821,0.012264680117368698,0.0,0.0036259498447179794,0.0036259498447179794,0.09588323347270489,0,,,,,1,0,1,1,1,2,2,4,0,0,-1,current,0,0,0.06795587858650834,0.06795587858650834,30,25,25,25,25,0,0,1,1.0,1.0,1.0,1.0,1.0,1,1.0,1.0,1.0,1.0,1.0,1,1.0,1.0,1.0,1.0,1.0,1,1.0,1.0,1.0,1.0,1.0
35,no_strict_e1_improvement,35,35,1,0.07980927638709545,0.014081504195928574,0.0,0.0030448008328676224,0.0030448008328676224,0.09693558141589165,0,,,,,1,0,1,1,1,1,1,4,0,0,-1,current,0,0,0.012651883997023106,0.012651883997023106,32,0,0,0,0,0,0,0,0.0,0.75,1.0,0.875,0.875,0,0.0,0.75,1.0,0.875,0.875,0,0.0,0.75,1.0,0.875,0.875,0,0.0,0.75,1.0,0.875,0.875
36,partial_completed__max_rounds,36,36,1,0.07958313636481762,0.015172429382801056,0.005256149917840958,0.0338361170142889,0.03909226693212986,0.13384783267974854,1,,5,2,4,1,1,4,3,3,12,12,4,0,0,1,profiled_beam,1,1,0.1407688247039914,0.03001909824088216,31,0,17,0,25,25,25,0,0.0,0.55,0.6,0.575,0.6,0,0.68,0.7,0.7,0.7,0.75,0,0.0,0.55,0.8,0.675,0.7,1,1.0,1.0,1.0,1.0,1.0
37,max_rounds,37,37,1,0.07868551649153233,0.013478873297572136,0.0,0.005071097984910011,0.005071097984910011,0.09723548777401447,0,,,,,1,1,2,1,1,4,4,4,0,0,0,s1a3_greedy,1,0,0.07950867787003517,0.016779572376981376,35,0,0,0,0,0,0,0,0.0,0.6,0.85,0.725,0.825,0,0.0,0.6,0.85,0.725,0.825,0,0.0,0.75,1.0,0.875,0.875,0,0.0,0.75,1.0,0.875,0.875
38,small_component,38,38,1,0.08084357716143131,0.01908642053604126,0.0,0.0019052401185035706,0.0019052401185035706,0.10183523781597614,0,,,,,1,0,0,0,0,0,0,4,0,0,-1,current,0,0,0.2501816229894757,0.2501816229894757,21,0,0,0,0,0,0,0,0.0,0.75,0.25,0.5,0.5,0,0.0,0.75,0.25,0.5,0.5,0,0.0,0.75,0.25,0.5,0.5,0,0.0,0.75,0.25,0.5,0.5
39,partial_completed__max_rounds,39,39,1,0.08025120757520199,0.016624001786112785,0.004333388060331345,0.029679978266358376,0.03401336632668972,0.1308885756880045,1,,5,2,3,1,1,4,3,3,11,11,4,0,0,1,profiled_beam,1,1,0.09117807992734014,0.07734984336420894,26,0,0,0,0,0,0,0,0.0,0.45,0.5,0.475,0.55,0,0.0,0.5,0.65,0.575,0.65,0,0.0,0.5,0.65,0.575,0.65,0,0.0,0.45,0.65,0.55,0.625
40,no_strict_e1_improvement,40,40,1,0.07943289913237095,0.01240936852991581,0.0,0.0031562596559524536,0.0031562596559524536,0.09499852731823921,0,,,,,1,0,1,1,1,1,1,4,0,0,-1,current,0,0,0.018478165683336555,0.018478165683336555,36,0,0,0,0,0,0,0,0.0,0.75,1.0,0.875,0.875,0,0.0,0.75,1.0,0.875,0.875,0,0.0,0.75,1.0,0.875,0.875,0,0.0,0.75,1.0,0.875,0.875
41,no_strict_e1_improvement,41,41,1,0.07950087822973728,0.014651179313659668,0.0,0.005348639562726021,0.005348639562726021,0.09950069710612297,0,,,,,1,0,1,1,1,3,3,4,0,0,-1,current,0,0,0.06316996071254835,0.06316996071254835,33,0,0,0,0,0,0,0,0.0,1.0,0.75,0.875,0.875,0,0.0,1.0,0.75,0.875,0.875,0,0.0,1.0,0.75,0.875,0.875,0,0.0,1.0,0.75,0.875,0.875
42,partial_completed__max_rounds,42,42,1,0.07845816388726234,0.015082864090800285,0.005224142223596573,0.007496196776628494,0.012720339000225067,0.1062613669782877,1,,5,2,4,1,1,2,1,1,3,3,4,0,0,0,s1a3_greedy,1,0,0.16957185990177095,0.07514190417714417,27,0,0,0,0,0,0,0,0.0,0.55,0.7,0.625,0.625,0,0.0,0.55,0.8,0.675,0.675,0,0.0,0.75,1.0,0.875,0.875,0,0.0,0.75,1.0,0.875,0.875
43,max_rounds,43,43,1,0.07936828397214413,0.012629719451069832,0.0,0.025478806346654892,0.025478806346654892,0.11747680976986885,0,,,,,1,1,4,3,3,10,10,4,0,0,1,profiled_beam,1,1,0.10964886252768338,0.031941879674559456,25,19,19,1,23,4,22,0,0.76,0.7,0.5,0.6,0.625,0,0.76,0.7,0.5,0.6,0.625,0,0.04,0.7,0.55,0.625,0.7,0,0.92,0.9,0.9,0.9,0.925
44,no_strict_e1_improvement,44,44,1,0.07800184562802315,0.012440189719200134,0.0,0.0030256900936365128,0.0030256900936365128,0.0934677254408598,0,,,,,1,0,1,1,1,1,1,4,0,0,-1,current,0,0,0.016286197025328873,0.016286197025328873,34,23,23,23,23,0,0,0,0.92,0.9,0.9,0.9,0.925,0,0.92,0.9,0.9,0.9,0.925,0,0.92,0.9,0.9,0.9,0.925,0,0.92,0.9,0.9,0.9,0.925
45,max_rounds,45,45,1,0.077388109639287,0.013850897550582886,0.0,0.06310282833874226,0.06310282833874226,0.15434183552861214,0,,,,,1,1,5,4,4,15,15,4,-1,0,1,profiled_beam,1,1,0.09079258997808211,0.053351048921467734,26,19,19,0,0,-19,0,0,0.76,0.7,0.6,0.65,0.7,0,0.76,0.7,0.6,0.65,0.7,0,0.0,0.9,0.75,0.825,0.825,0,0.0,0.9,0.75,0.825,0.85
46,max_rounds,46,46,1,0.07834859937429428,0.015177188441157341,0.0,0.00602659210562706,0.00602659210562706,0.09955237992107868,0,,,,,1,1,2,1,1,4,4,4,0,0,0,s1a3_greedy,1,0,0.1323927801422542,0.10887199927528854,23,0,0,0,0,0,0,0,0.0,0.55,0.65,0.6,0.675,0,0.0,0.55,0.65,0.6,0.675,0,0.0,0.55,0.65,0.6,0.625,0,0.0,0.55,0.65,0.6,0.625
47,max_rounds,47,47,1,0.07889040000736713,0.014532379806041718,0.0,0.010873302817344666,0.010873302817344666,0.10429608263075352,0,,,,,1,1,3,2,2,7,7,4,0,0,0,s1a3_greedy,1,0,0.1312176160281524,0.0753124081180431,23,20,20,25,25,5,0,0,0.8,0.8,0.75,0.775,0.8,0,0.8,0.8,0.75,0.775,0.8,1,1.0,1.0,1.0,1.0,1.0,1,1.0,1.0,1.0,1.0,1.0
48,max_rounds,48,48,1,0.07833524234592915,0.018926456570625305,0.0,0.0049567557871341705,0.0049567557871341705,0.10221845470368862,0,,,,,1,1,2,1,1,2,2,4,0,0,0,s1a3_greedy,1,0,0.16145293288864196,0.09096241747029125,26,1,1,0,0,-1,0,0,0.04,0.65,0.8,0.725,0.725,0,0.04,0.65,0.8,0.725,0.725,0,0.0,0.75,0.95,0.85,0.85,0,0.0,0.75,0.95,0.85,0.85
49,no_strict_e1_improvement,49,49,1,0.0807335153222084,0.011765213683247566,0.0,0.011823048815131187,0.011823048815131187,0.10432177782058716,0,,,,,1,0,2,2,2,8,8,4,0,0,-1,current,0,0,0.026495167682878674,0.026495167682878674,34,25,25,25,25,0,0,1,1.0,1.0,1.0,1.0,1.0,1,1.0,1.0,1.0,1.0,1.0,1,1.0,1.0,1.0,1.0,1.0,1,1.0,1.0,1.0,1.0,1.0
50,no_strict_e1_improvement,50,50,1,0.07813828438520432,0.012856246903538704,0.0,0.0031248796731233597,0.0031248796731233597,0.09411941096186638,0,,,,,1,0,1,1,1,1,1,4,0,0,-1,current,0,0,0.016797532851342112,0.016797532851342112,31,25,25,25,25,0,0,1,1.0,1.0,1.0,1.0,1.0,1,1.0,1.0,1.0,1.0,1.0,1,1.0,1.0,1.0,1.0,1.0,1,1.0,1.0,1.0,1.0,1.0
51,max_rounds,51,51,1,0.08006315864622593,0.01780976541340351,0.0,0.02861938439309597,0.02861938439309597,0.1264923084527254,0,,,,,1,1,4,3,3,8,8,4,0,0,1,profiled_beam,1,1,0.16229140292853117,0.040001222584396603,26,0,0,0,0,0,0,0,0.0,0.5,0.65,0.575,0.575,0,0.0,0.5,0.65,0.575,0.575,0,0.0,0.75,1.0,0.875,0.875,0,0.0,0.75,1.0,0.875,0.875
52,no_strict_e1_improvement,52,52,1,0.07767965458333492,0.011806560680270195,0.0,0.004884656518697739,0.004884656518697739,0.09437087178230286,0,,,,,1,0,1,1,1,3,3,4,0,0,-1,current,0,0,0.023924981453455986,0.023924981453455986,36,25,25,25,25,0,0,1,1.0,1.0,1.0,1.0,1.0,1,1.0,1.0,1.0,1.0,1.0,1,1.0,1.0,1.0,1.0,1.0,1,1.0,1.0,1.0,1.0,1.0
53,no_strict_e1_improvement,53,53,1,0.0776654165238142,0.015475312247872353,0.0,0.014479298144578934,0.014479298144578934,0.10762002691626549,0,,,,,1,0,2,2,2,6,6,4,0,0,-1,current,0,0,0.06493890481069683,0.06493890481069683,28,0,0,0,0,0,0,0,0.0,0.75,0.75,0.75,0.75,0,0.0,0.75,0.75,0.75,0.75,0,0.0,0.75,0.75,0.75,0.75,0,0.0,0.75,0.75,0.75,0.75
54,max_rounds,54,54,1,0.07939151488244534,0.015519438311457634,0.0,0.006531961262226105,0.006531961262226105,0.10144291445612907,0,,,,,1,1,2,1,1,4,4,4,0,0,1,profiled_beam,1,1,0.16045131088467315,0.1474056720850058,28,0,0,0,0,0,0,0,0.0,0.7,0.65,0.675,0.675,0,0.0,0.7,0.65,0.675,0.675,0,0.0,0.7,0.65,0.675,0.675,0,0.0,0.7,0.7,0.7,0.7
55,no_strict_e1_improvement,55,55,1,0.07847042381763458,0.011312412098050117,0.0,0.003097567707300186,0.003097567707300186,0.09288040362298489,0,,,,,1,0,1,1,1,1,1,4,0,0,-1,current,0,0,0.013594604469835759,0.013594604469835759,37,25,25,25,25,0,0,1,1.0,1.0,1.0,1.0,1.0,1,1.0,1.0,1.0,1.0,1.0,1,1.0,1.0,1.0,1.0,1.0,1,1.0,1.0,1.0,1.0,1.0
56,no_strict_e1_improvement,56,56,1,0.07826110161840916,0.012003306299448013,0.0,0.0030176565051078796,0.0030176565051078796,0.09328206442296505,0,,,,,1,0,1,1,1,1,1,4,0,0,-1,current,0,0,0.03622315628454089,0.03622315628454089,35,25,25,25,25,0,0,1,1.0,1.0,1.0,1.0,1.0,1,1.0,1.0,1.0,1.0,1.0,1,1.0,1.0,1.0,1.0,1.0,1,1.0,1.0,1.0,1.0,1.0
57,no_strict_e1_improvement,57,57,1,0.0777848307043314,0.011740487068891525,0.0,0.0036858059465885162,0.0036858059465885162,0.09321112371981144,0,,,,,1,0,1,1,1,2,2,4,0,0,-1,current,0,0,0.025113639392657205,0.025113639392657205,33,25,25,25,25,0,0,1,1.0,1.0,1.0,1.0,1.0,1,1.0,1.0,1.0,1.0,1.0,1,1.0,1.0,1.0,1.0,1.0,1,1.0,1.0,1.0,1.0,1.0
58,no_strict_e1_improvement,58,58,1,0.07734303548932076,0.012904705479741096,0.0,0.004795622080564499,0.004795622080564499,0.09504336304962635,0,,,,,1,0,1,1,1,4,4,4,0,0,-1,current,0,0,0.03298402233049273,0.03298402233049273,29,25,25,25,25,0,0,1,1.0,1.0,1.0,1.0,1.0,1,1.0,1.0,1.0,1.0,1.0,1,1.0,1.0,1.0,1.0,1.0,1,1.0,1.0,1.0,1.0,1.0
59,max_rounds,59,59,1,0.0774645209312439,0.015695592388510704,0.0,0.01381441205739975,0.01381441205739975,0.10697452537715435,0,,,,,1,1,3,2,2,7,7,4,0,1,0,s1a3_greedy,1,0,0.1443935289105866,0.02722679374855943,29,2,2,25,25,23,0,0,0.08,0.7,0.8,0.75,0.75,0,0.08,0.7,0.8,0.75,0.75,1,1.0,1.0,1.0,1.0,1.0,1,1.0,1.0,1.0,1.0,1.0
60,max_rounds,60,60,1,0.0873733889311552,0.014306483790278435,0.0,0.01313072256743908,0.01313072256743908,0.11481059528887272,0,,,,,1,1,3,2,2,8,8,4,0,0,1,profiled_beam,1,1,0.08695933979470283,0.05049311238108203,28,0,0,0,0,0,0,0,0.0,0.75,0.65,0.7,0.725,0,0.0,0.75,0.65,0.7,0.725,0,0.0,0.8,0.55,0.675,0.675,0,0.0,0.85,0.65,0.75,0.775
61,no_strict_e1_improvement,61,61,1,0.07840287312865257,0.015273209661245346,0.0,0.004796193912625313,0.004796193912625313,0.09847227670252323,0,,,,,1,0,1,1,1,3,3,4,0,0,-1,current,0,0,0.034935659074108116,0.034935659074108116,30,0,0,0,0,0,0,0,0.0,0.75,1.0,0.875,0.875,0,0.0,0.75,1.0,0.875,0.875,0,0.0,0.75,1.0,0.875,0.875,0,0.0,0.75,1.0,0.875,0.875
62,max_rounds,62,62,1,0.07745903544127941,0.016128484159708023,0.0,0.011843735352158546,0.011843735352158546,0.10543125495314598,0,,,,,1,1,3,2,2,8,8,4,0,0,1,profiled_beam,1,1,0.15336833894252777,0.08123665445600636,29,12,12,12,15,3,3,0,0.48,0.65,0.55,0.6,0.675,0,0.48,0.65,0.55,0.6,0.675,0,0.48,0.65,0.6,0.625,0.675,0,0.6,0.9,0.75,0.825,0.825
63,max_rounds,63,63,1,0.0777636393904686,0.012767679989337921,0.0,0.008852796629071236,0.008852796629071236,0.09938411600887775,0,,,,,1,1,3,2,2,6,6,4,0,0,0,s1a3_greedy,1,0,0.046443475352134556,0.012550017912872136,36,20,20,25,25,5,0,0,0.8,0.9,0.75,0.825,0.85,0,0.8,0.9,0.75,0.825,0.85,1,1.0,1.0,1.0,1.0,1.0,1,1.0,1.0,1.0,1.0,1.0
64,no_strict_e1_improvement,64,64,1,0.07654480636119843,0.012553073465824127,0.0,0.005102450028061867,0.005102450028061867,0.09420032985508442,0,,,,,1,0,1,1,1,4,4,4,0,0,-1,current,0,0,0.055950840329751374,0.055950840329751374,27,0,0,0,0,0,0,0,0.0,0.95,0.75,0.85,0.85,0,0.0,0.95,0.75,0.85,0.85,0,0.0,0.95,0.75,0.85,0.85,0,0.0,0.95,0.75,0.85,0.85
65,max_rounds,65,65,1,0.07750237733125687,0.018599407747387886,0.0,0.2036600485444069,0.2036600485444069,0.29976183362305164,0,,,,,1,1,10,9,9,35,35,4,1,-2,1,profiled_beam,1,1,0.296317151398398,0.1645849923719652,14,1,1,1,6,5,5,0,0.04,0.25,0.35,0.3,0.35,0,0.04,0.25,0.35,0.3,0.35,0,0.04,0.2,0.3,0.25,0.35,0,0.24,0.3,0.4,0.35,0.45
66,no_strict_e1_improvement,66,66,1,0.07956116087734699,0.013321531936526299,0.0,0.004825154319405556,0.004825154319405556,0.09770784713327885,0,,,,,1,0,1,1,1,4,4,4,0,0,-1,current,0,0,0.03648145443294197,0.03648145443294197,31,25,25,25,25,0,0,1,1.0,1.0,1.0,1.0,1.0,1,1.0,1.0,1.0,1.0,1.0,1,1.0,1.0,1.0,1.0,1.0,1,1.0,1.0,1.0,1.0,1.0
67,no_strict_e1_improvement,67,67,1,0.0789419673383236,0.01247316412627697,0.0,0.003107598051428795,0.003107598051428795,0.09452272951602936,0,,,,,1,0,1,1,1,1,1,4,0,0,-1,current,0,0,0.013160428358241915,0.013160428358241915,34,0,0,0,0,0,0,0,0.0,0.75,1.0,0.875,0.875,0,0.0,0.75,1.0,0.875,0.875,0,0.0,0.75,1.0,0.875,0.875,0,0.0,0.75,1.0,0.875,0.875
68,no_strict_e1_improvement,68,68,1,0.07816612534224987,0.012177525088191032,0.0,0.004953643307089806,0.004953643307089806,0.09529729373753071,0,,,,,1,0,1,1,1,2,2,4,0,0,-1,current,0,0,0.042890560580417514,0.042890560580417514,32,0,0,0,0,0,0,0,0.0,0.75,1.0,0.875,0.875,0,0.0,0.75,1.0,0.875,0.875,0,0.0,0.75,1.0,0.875,0.875,0,0.0,0.75,1.0,0.875,0.875
69,no_strict_e1_improvement,69,69,1,0.07936923578381538,0.01619799993932247,0.0,0.006332814693450928,0.006332814693450928,0.10190005041658878,0,,,,,1,0,1,1,1,3,3,4,0,0,-1,current,0,0,0.04864060854888521,0.04864060854888521,25,23,23,23,23,0,0,0,0.92,0.85,0.9,0.875,0.875,0,0.92,0.85,0.9,0.875,0.875,0,0.92,0.85,0.9,0.875,0.875,0,0.92,0.85,0.9,0.875,0.875
70,max_rounds,70,70,1,0.07817079871892929,0.019067343324422836,0.0,0.09065527655184269,0.09065527655184269,0.18789341859519482,0,,,,,1,1,7,6,6,23,23,4,0,0,1,profiled_beam,1,1,0.11419795227702707,0.09543478637351654,18,0,0,0,0,0,0,0,0.0,0.55,0.55,0.55,0.65,0,0.0,0.55,0.55,0.55,0.65,0,0.0,0.55,0.55,0.55,0.65,0,0.0,0.55,0.9,0.725,0.775
71,no_strict_e1_improvement,71,71,1,0.0796338114887476,0.011917117983102798,0.0,0.003799203783273697,0.003799203783273697,0.09535013325512409,0,,,,,1,0,1,1,1,2,2,4,0,0,-1,current,0,0,0.019633171637542544,0.019633171637542544,33,25,25,25,25,0,0,1,1.0,1.0,1.0,1.0,1.0,1,1.0,1.0,1.0,1.0,1.0,1,1.0,1.0,1.0,1.0,1.0,1,1.0,1.0,1.0,1.0,1.0
72,no_strict_e1_improvement,72,72,1,0.07897535152733326,0.015052719041705132,0.0,0.00499374233186245,0.00499374233186245,0.09902181290090084,0,,,,,1,0,1,1,1,4,4,4,0,0,-1,current,0,0,0.02846476298291236,0.02846476298291236,34,25,25,25,25,0,0,1,1.0,1.0,1.0,1.0,1.0,1,1.0,1.0,1.0,1.0,1.0,1,1.0,1.0,1.0,1.0,1.0,1,1.0,1.0,1.0,1.0,1.0
73,no_strict_e1_improvement,73,73,1,0.07921336404979229,0.012645093724131584,0.0,0.0038806218653917313,0.0038806218653917313,0.0957390796393156,0,,,,,1,0,1,1,1,2,2,4,0,0,-1,current,0,0,0.04049529833719134,0.04049529833719134,33,25,25,25,25,0,0,1,1.0,1.0,1.0,1.0,1.0,1,1.0,1.0,1.0,1.0,1.0,1,1.0,1.0,1.0,1.0,1.0,1,1.0,1.0,1.0,1.0,1.0
74,no_strict_e1_improvement,74,74,1,0.07843359373509884,0.013216324150562286,0.0,0.003016265109181404,0.003016265109181404,0.09466618299484253,0,,,,,1,0,1,1,1,1,1,4,0,0,-1,current,0,0,0.025955677754245697,0.025955677754245697,29,25,25,25,25,0,0,1,1.0,1.0,1.0,1.0,1.0,1,1.0,1.0,1.0,1.0,1.0,1,1.0,1.0,1.0,1.0,1.0,1,1.0,1.0,1.0,1.0,1.0
75,max_rounds,75,75,1,0.07889969646930695,0.01577605865895748,0.0,0.02546929381787777,0.02546929381787777,0.1201450489461422,0,,,,,1,1,4,3,3,10,10,4,0,0,1,profiled_beam,1,1,0.09665801172377542,0.05900173904374242,27,0,0,21,0,0,-21,0,0.0,0.8,0.5,0.65,0.675,0,0.0,0.8,0.5,0.65,0.675,0,0.84,0.85,0.8,0.825,0.85,0,0.0,0.95,0.75,0.85,0.85
76,max_rounds,76,76,1,0.07794244587421417,0.01778465509414673,0.0,0.4508394282311201,0.4508394282311201,0.546566529199481,0,,,,,1,1,17,16,16,63,63,4,3,-1,1,profiled_beam,1,1,0.24043560752179474,0.21616968081798404,19,0,0,0,1,1,1,0,0.0,0.35,0.5,0.425,0.475,0,0.0,0.35,0.5,0.425,0.475,0,0.0,0.3,0.4,0.35,0.425,0,0.04,0.5,0.55,0.525,0.55
77,max_rounds,77,77,1,0.07940049469470978,0.017677215859293938,0.0,0.2849684711545706,0.2849684711545706,0.3820461817085743,0,,,,,1,1,13,12,12,43,43,4,0,-2,0,s1a3_greedy,1,0,0.216207673039753,0.0635813393513672,23,6,6,0,0,-6,0,0,0.24,0.65,0.25,0.45,0.5,0,0.24,0.65,0.25,0.45,0.5,0,0.0,0.75,1.0,0.875,0.875,0,0.0,0.75,1.0,0.875,0.875
78,no_strict_e1_improvement,78,78,1,0.07841573096811771,0.014027660712599754,0.0,0.0031457673758268356,0.0031457673758268356,0.0955891590565443,0,,,,,1,0,1,1,1,1,1,4,0,0,-1,current,0,0,0.0486909746658057,0.0486909746658057,34,0,0,0,0,0,0,0,0.0,0.75,1.0,0.875,0.875,0,0.0,0.75,1.0,0.875,0.875,0,0.0,0.75,1.0,0.875,0.875,0,0.0,0.75,1.0,0.875,0.875
79,no_strict_e1_improvement,79,79,1,0.0769122876226902,0.014399880543351173,0.0,0.004698595032095909,0.004698595032095909,0.09601076319813728,0,,,,,1,0,1,1,1,3,3,4,0,0,-1,current,0,0,0.07105197755154222,0.07105197755154222,28,23,23,23,23,0,0,0,0.92,0.85,0.9,0.875,0.9,0,0.92,0.85,0.9,0.875,0.9,0,0.92,0.85,0.9,0.875,0.9,0,0.92,0.85,0.9,0.875,0.9
80,max_rounds,80,80,1,0.07734225131571293,0.016480589285492897,0.0,0.2908818740397692,0.2908818740397692,0.384704714640975,0,,,,,1,1,13,12,12,47,47,4,0,2,0,s1a3_greedy,1,0,0.2979959942400455,0.15913682710379362,24,4,4,19,19,15,0,0,0.16,0.3,0.6,0.45,0.475,0,0.16,0.3,0.6,0.45,0.475,0,0.76,0.55,0.9,0.725,0.725,0,0.76,0.55,0.9,0.725,0.725
81,no_strict_e1_improvement,81,81,1,0.07566802389919758,0.011295728385448456,0.0,0.0030806269496679306,0.0030806269496679306,0.09004437923431396,0,,,,,1,0,1,1,1,1,1,4,0,0,-1,current,0,0,0.013935100426897407,0.013935100426897407,35,25,25,25,25,0,0,1,1.0,1.0,1.0,1.0,1.0,1,1.0,1.0,1.0,1.0,1.0,1,1.0,1.0,1.0,1.0,1.0,1,1.0,1.0,1.0,1.0,1.0
82,max_rounds,82,82,1,0.07751816883683205,0.01409413293004036,0.0,0.013436639681458473,0.013436639681458473,0.10504894144833088,0,,,,,1,1,3,2,2,8,8,4,0,1,1,profiled_beam,1,1,0.07403658810071648,0.07161610457114875,25,23,23,23,0,-23,-23,0,0.92,0.9,0.85,0.875,0.9,0,0.92,0.9,0.85,0.875,0.9,0,0.92,0.9,0.85,0.875,0.9,0,0.0,0.75,0.9,0.825,0.825
83,max_rounds,83,83,1,0.07684503123164177,0.014710798859596252,0.0,0.03245559521019459,0.03245559521019459,0.12401142530143261,0,,,,,1,1,4,3,3,10,10,4,0,1,0,s1a3_greedy,1,0,0.11509611541987397,0.04580103573971428,29,0,0,23,23,23,0,0,0.0,0.65,0.85,0.75,0.775,0,0.0,0.65,0.85,0.75,0.775,0,0.92,0.9,0.85,0.875,0.9,0,0.92,0.9,0.85,0.875,0.9
84,max_rounds,84,84,1,0.07738013565540314,0.01670844852924347,0.0,0.26440728455781937,0.26440728455781937,0.358495868742466,0,,,,,1,1,10,9,9,35,35,4,2,-2,1,profiled_beam,1,1,0.2547923322301358,0.12345066335983575,22,0,0,0,0,0,0,0,0.0,0.35,0.55,0.45,0.475,0,0.0,0.35,0.55,0.45,0.475,0,0.0,0.25,0.9,0.575,0.6,0,0.0,0.25,1.0,0.625,0.625
85,no_strict_e1_improvement,85,85,1,0.07902656495571136,0.012496881186962128,0.0,0.0033098366111516953,0.0033098366111516953,0.09483328275382519,0,,,,,1,0,1,1,1,1,1,4,0,0,-1,current,0,0,0.00956988192629069,0.00956988192629069,38,25,25,25,25,0,0,1,1.0,1.0,1.0,1.0,1.0,1,1.0,1.0,1.0,1.0,1.0,1,1.0,1.0,1.0,1.0,1.0,1,1.0,1.0,1.0,1.0,1.0
86,no_strict_e1_improvement,86,86,1,0.07698525115847588,0.011957518756389618,0.0,0.0037656910717487335,0.0037656910717487335,0.09270846098661423,0,,,,,1,0,1,1,1,2,2,4,0,0,-1,current,0,0,0.019473017496056854,0.019473017496056854,36,25,25,25,25,0,0,1,1.0,1.0,1.0,1.0,1.0,1,1.0,1.0,1.0,1.0,1.0,1,1.0,1.0,1.0,1.0,1.0,1,1.0,1.0,1.0,1.0,1.0
87,max_rounds,87,87,1,0.07661942578852177,0.014910979196429253,0.0,0.006270172074437141,0.006270172074437141,0.09780057705938816,0,,,,,1,1,2,1,1,3,3,4,0,0,0,s1a3_greedy,1,0,0.08510702271014452,0.031070696655660868,31,23,23,25,25,2,0,0,0.92,0.85,0.8,0.825,0.925,0,0.92,0.85,0.8,0.825,0.925,1,1.0,1.0,1.0,1.0,1.0,1,1.0,1.0,1.0,1.0,1.0
88,max_rounds,88,88,1,0.07848113402724266,0.013762015849351883,0.0,0.011966535821557045,0.011966535821557045,0.10420968569815159,0,,,,,1,1,3,2,2,7,7,4,1,0,1,profiled_beam,1,1,0.11161528881639242,0.06010615127161145,27,20,20,25,0,-20,-25,0,0.8,0.95,0.75,0.85,0.85,0,0.8,0.95,0.75,0.85,0.85,1,1.0,1.0,1.0,1.0,1.0,0,0.0,0.95,0.75,0.85,0.85
89,no_strict_e1_improvement,89,89,1,0.0773696880787611,0.013939537107944489,0.0,0.003716360777616501,0.003716360777616501,0.09502558596432209,0,,,,,1,0,1,1,1,2,2,4,0,0,-1,current,0,0,0.04254926333669573,0.04254926333669573,34,0,0,0,0,0,0,0,0.0,1.0,0.75,0.875,0.875,0,0.0,1.0,0.75,0.875,0.875,0,0.0,1.0,0.75,0.875,0.875,0,0.0,1.0,0.75,0.875,0.875
90,max_rounds,90,90,1,0.07734608463943005,0.013155756518244743,0.0,0.16625270806252956,0.16625270806252956,0.25675454922020435,0,,,,,1,1,10,9,9,36,36,4,1,0,1,profiled_beam,1,1,0.12445987981627696,0.0634599860466551,25,0,0,0,23,23,23,0,0.0,0.95,0.75,0.85,0.85,0,0.0,0.95,0.75,0.85,0.85,0,0.0,0.95,0.75,0.85,0.85,0,0.92,0.9,0.9,0.9,0.925
91,max_rounds,91,91,1,0.07651487737894058,0.014450984075665474,0.0,0.04336273670196533,0.04336273670196533,0.1343285981565714,0,,,,,1,1,5,4,4,15,15,4,0,0,1,profiled_beam,1,1,0.09865327179431915,0.06738382920157164,23,21,21,21,25,4,4,0,0.84,0.8,0.8,0.8,0.85,0,0.84,0.8,0.8,0.8,0.85,0,0.84,0.8,0.8,0.8,0.85,1,1.0,1.0,1.0,1.0,1.0
92,max_rounds,92,92,1,0.07737129367887974,0.013579584658145905,0.0,0.014168279245495796,0.014168279245495796,0.10511915758252144,0,,,,,1,1,2,2,2,7,7,4,0,-1,0,s1a3_greedy,1,0,0.055537058168556544,0.05065494643058628,28,0,0,22,22,22,0,0,0.0,0.65,0.8,0.725,0.725,0,0.0,0.65,0.8,0.725,0.725,0,0.88,0.85,0.85,0.85,0.85,0,0.88,0.85,0.85,0.85,0.85
93,no_strict_e1_improvement,93,93,1,0.07891871966421604,0.012369198724627495,0.0,0.009948644787073135,0.009948644787073135,0.10123656317591667,0,,,,,1,0,2,2,2,6,6,4,0,0,-1,current,0,0,0.03701852905796841,0.03701852905796841,30,25,25,25,25,0,0,1,1.0,1.0,1.0,1.0,1.0,1,1.0,1.0,1.0,1.0,1.0,1,1.0,1.0,1.0,1.0,1.0,1,1.0,1.0,1.0,1.0,1.0
94,max_rounds,94,94,1,0.07769898511469364,0.01760450378060341,0.0,0.2940375842154026,0.2940375842154026,0.38934107311069965,0,,,,,1,1,13,12,12,48,48,4,0,-1,1,profiled_beam,1,1,0.20794531361316332,0.06553040387225337,24,1,1,0,0,-1,0,0,0.04,0.45,0.4,0.425,0.5,0,0.04,0.45,0.4,0.425,0.5,0,0.0,0.8,0.6,0.7,0.7,0,0.0,0.85,0.75,0.8,0.8
95,max_rounds,95,95,1,0.07699931226670742,0.015460843220353127,0.0,0.006746048107743263,0.006746048107743263,0.09920620359480381,0,,,,,1,1,2,1,1,3,3,4,0,0,0,s1a3_greedy,1,0,0.122546069114469,0.06730019112583249,25,1,1,0,0,-1,0,0,0.04,0.7,0.6,0.65,0.675,0,0.04,0.7,0.6,0.65,0.675,0,0.0,0.9,0.75,0.825,0.825,0,0.0,0.9,0.75,0.825,0.825
96,max_rounds,96,96,1,0.07710799388587475,0.015930820256471634,0.0,0.010796938091516495,0.010796938091516495,0.10383575223386288,0,,,,,1,1,3,2,2,6,6,4,0,0,0,s1a3_greedy,1,0,0.1634559487691149,0.04508502937387675,24,1,1,1,1,0,0,0,0.04,0.6,0.7,0.65,0.675,0,0.04,0.6,0.7,0.65,0.675,0,0.04,0.65,0.75,0.7,0.75,0,0.04,0.65,0.75,0.7,0.75
97,partial_completed__max_rounds,97,97,1,0.07661452516913414,0.012229256331920624,0.005227988585829735,0.007198380306363106,0.01242636889219284,0.1012701503932476,1,,5,2,4,1,1,2,1,1,3,3,4,0,0,0,s1a3_greedy,1,0,0.14301472585648298,0.07584629920311273,27,19,0,0,0,-19,0,0,0.76,0.7,0.75,0.725,0.75,0,0.0,0.7,0.85,0.775,0.8,0,0.0,0.75,0.95,0.85,0.85,0,0.0,0.75,0.95,0.85,0.85
98,no_strict_e1_improvement,98,98,1,0.07771430537104607,0.012458743527531624,0.0,0.0031316615641117096,0.0031316615641117096,0.0933047104626894,0,,,,,1,0,1,1,1,1,1,4,0,0,-1,current,0,0,0.018733924021944404,0.018733924021944404,34,25,25,25,25,0,0,1,1.0,1.0,1.0,1.0,1.0,1,1.0,1.0,1.0,1.0,1.0,1,1.0,1.0,1.0,1.0,1.0,1,1.0,1.0,1.0,1.0,1.0
99,no_strict_e1_improvement,99,99,1,0.07661662809550762,0.012335645034909248,0.0,0.0031054671853780746,0.0031054671853780746,0.09205774031579494,0,,,,,1,0,1,1,1,1,1,4,0,0,-1,current,0,0,0.008385435491800309,0.008385435491800309,38,25,25,25,25,0,0,1,1.0,1.0,1.0,1.0,1.0,1,1.0,1.0,1.0,1.0,1.0,1,1.0,1.0,1.0,1.0,1.0,1,1.0,1.0,1.0,1.0,1.0
100,no_strict_e1_improvement,100,100,1,0.0767370630055666,0.012411655858159065,0.0,0.00311838835477829,0.00311838835477829,0.09226710721850395,0,,,,,1,0,1,1,1,1,1,4,0,0,-1,current,0,0,0.018078714981675147,0.018078714981675147,34,25,25,25,25,0,0,1,1.0,1.0,1.0,1.0,1.0,1,1.0,1.0,1.0,1.0,1.0,1,1.0,1.0,1.0,1.0,1.0,1,1.0,1.0,1.0,1.0,1.0
101,max_rounds,101,101,1,0.07703056000173092,0.013045195490121841,0.0,0.0047154501080513,0.0047154501080513,0.09479120559990406,0,,,,,1,1,2,1,1,4,4,4,0,0,1,profiled_beam,1,1,0.06977691915817559,0.06963805952109396,23,0,0,0,0,0,0,0,0.0,0.7,0.75,0.725,0.725,0,0.0,0.7,0.75,0.725,0.725,0,0.0,0.7,0.75,0.725,0.725,0,0.0,0.7,0.75,0.725,0.725
102,max_rounds,102,102,1,0.07779991254210472,0.014753414317965508,0.0,0.005526326596736908,0.005526326596736908,0.09807965345680714,0,,,,,1,1,2,1,1,4,4,4,0,0,1,profiled_beam,1,1,0.10359812629176304,0.09229184937430546,25,0,0,0,0,0,0,0,0.0,0.55,0.7,0.625,0.75,0,0.0,0.55,0.7,0.625,0.75,0,0.0,0.55,0.7,0.625,0.75,0,0.0,0.55,0.75,0.65,0.725
103,max_rounds,103,103,1,0.07804536446928978,0.014288254082202911,0.0,0.034216707572340965,0.034216707572340965,0.12655032612383366,0,,,,,1,1,3,3,3,9,9,4,0,-2,1,profiled_beam,1,1,0.0892406820319593,0.07134614544920623,30,0,0,0,0,0,0,0,0.0,0.75,0.85,0.8,0.8,0,0.0,0.75,0.85,0.8,0.8,0,0.0,0.75,0.8,0.775,0.775,0,0.0,1.0,0.75,0.875,0.875
104,no_strict_e1_improvement,104,104,1,0.07779915444552898,0.013617351651191711,0.0,0.0030405279248952866,0.0030405279248952866,0.09445703402161598,0,,,,,1,0,1,1,1,1,1,4,0,0,-1,current,0,0,0.01801696367765544,0.01801696367765544,32,0,0,0,0,0,0,0,0.0,0.75,1.0,0.875,0.875,0,0.0,0.75,1.0,0.875,0.875,0,0.0,0.75,1.0,0.875,0.875,0,0.0,0.75,1.0,0.875,0.875
105,no_strict_e1_improvement,105,105,1,0.07811449095606804,0.013759477064013481,0.0,0.0030924230813980103,0.0030924230813980103,0.09496639110147953,0,,,,,1,0,1,1,1,1,1,4,0,0,-1,current,0,0,0.049034504871815446,0.049034504871815446,33,0,0,0,0,0,0,0,0.0,0.75,0.95,0.85,0.85,0,0.0,0.75,0.95,0.85,0.85,0,0.0,0.75,0.95,0.85,0.85,0,0.0,0.75,0.95,0.85,0.85
106,max_rounds,106,106,1,0.07756968587636948,0.01533421315252781,0.0,0.00495082326233387,0.00495082326233387,0.09785472229123116,0,,,,,1,1,2,1,1,4,4,4,0,0,1,profiled_beam,1,1,0.16155904065817595,0.13615312408655883,27,0,0,0,0,0,0,0,0.0,0.6,0.6,0.6,0.625,0,0.0,0.6,0.6,0.6,0.625,0,0.0,0.6,0.6,0.6,0.6,0,0.0,0.6,0.65,0.625,0.625
107,max_rounds,107,107,1,0.07827287912368774,0.01343652792274952,0.0,0.01159169152379036,0.01159169152379036,0.10330109857022762,0,,,,,1,1,3,2,2,8,8,4,0,0,1,profiled_beam,1,1,0.10107816107629333,0.04278987236903049,30,21,21,0,25,4,25,0,0.84,0.8,0.85,0.825,0.85,0,0.84,0.8,0.85,0.825,0.85,0,0.0,0.75,0.9,0.825,0.825,1,1.0,1.0,1.0,1.0,1.0
108,no_strict_e1_improvement,108,108,1,0.07744809240102768,0.012252956628799438,0.0,0.002921564504504204,0.002921564504504204,0.09262261353433132,0,,,,,1,0,1,1,1,1,1,4,0,0,-1,current,0,0,0.01990230377414264,0.01990230377414264,29,25,25,25,25,0,0,1,1.0,1.0,1.0,1.0,1.0,1,1.0,1.0,1.0,1.0,1.0,1,1.0,1.0,1.0,1.0,1.0,1,1.0,1.0,1.0,1.0,1.0
109,no_strict_e1_improvement,109,109,1,0.07778912037611008,0.014292264357209206,0.0,0.005300898104906082,0.005300898104906082,0.09738228283822536,0,,,,,1,0,1,1,1,4,4,4,0,0,-1,current,0,0,0.04446782013401389,0.04446782013401389,32,25,25,25,25,0,0,1,1.0,1.0,1.0,1.0,1.0,1,1.0,1.0,1.0,1.0,1.0,1,1.0,1.0,1.0,1.0,1.0,1,1.0,1.0,1.0,1.0,1.0
110,max_rounds,110,110,1,0.07814555987715721,0.013453543186187744,0.0,0.03950316645205021,0.03950316645205021,0.13110226951539516,0,,,,,1,1,4,3,3,12,12,4,0,0,0,s1a3_greedy,1,0,0.13162234043702484,0.12873722752556205,23,0,0,0,0,0,0,0,0.0,0.75,0.85,0.8,0.85,0,0.0,0.75,0.85,0.8,0.85,0,0.0,0.75,0.8,0.775,0.8,0,0.0,0.75,0.8,0.775,0.8
111,no_strict_e1_improvement,111,111,1,0.07646984793245792,0.0134819857776165,0.0,0.006532123312354088,0.006532123312354088,0.09648395702242851,0,,,,,1,0,1,1,1,2,2,4,0,0,-1,current,0,0,0.06266958326450549,0.06266958326450549,25,25,25,25,25,0,0,1,1.0,1.0,1.0,1.0,1.0,1,1.0,1.0,1.0,1.0,1.0,1,1.0,1.0,1.0,1.0,1.0,1,1.0,1.0,1.0,1.0,1.0
112,no_strict_e1_improvement,112,112,1,0.0765465758740902,0.011795459315180779,0.0,0.0030525140464305878,0.0030525140464305878,0.09139454923570156,0,,,,,1,0,1,1,1,1,1,4,0,0,-1,current,0,0,0.02543994118459523,0.02543994118459523,35,25,25,25,25,0,0,1,1.0,1.0,1.0,1.0,1.0,1,1.0,1.0,1.0,1.0,1.0,1,1.0,1.0,1.0,1.0,1.0,1,1.0,1.0,1.0,1.0,1.0
113,max_rounds,113,113,1,0.07671838067471981,0.013436876237392426,0.0,0.03462139703333378,0.03462139703333378,0.12477665394544601,0,,,,,1,1,4,3,3,11,11,4,1,0,0,s1a3_greedy,1,0,0.13371965233236552,0.07893823035992682,26,5,5,19,19,14,0,0,0.2,0.9,0.25,0.575,0.7,0,0.2,0.9,0.25,0.575,0.7,0,0.76,0.85,0.8,0.825,0.825,0,0.76,0.85,0.8,0.825,0.825
114,no_strict_e1_improvement,114,114,1,0.07646499574184418,0.013308556750416756,0.0,0.003042548894882202,0.003042548894882202,0.09281610138714314,0,,,,,1,0,1,1,1,1,1,4,0,0,-1,current,0,0,0.052066991291940215,0.052066991291940215,30,0,0,0,0,0,0,0,0.0,0.65,0.9,0.775,0.8,0,0.0,0.65,0.9,0.775,0.8,0,0.0,0.65,0.9,0.775,0.8,0,0.0,0.65,0.9,0.775,0.8
115,max_rounds,115,115,1,0.07645047642290592,0.014984151348471642,0.0,0.038728633895516396,0.038728633895516396,0.13016326166689396,0,,,,,1,1,5,4,4,16,16,4,0,1,1,profiled_beam,1,1,0.11707422907929868,0.09157982356846332,25,0,0,0,0,0,0,0,0.0,0.45,0.8,0.625,0.65,0,0.0,0.45,0.8,0.625,0.65,0,0.0,0.4,0.75,0.575,0.625,0,0.0,0.75,0.9,0.825,0.825
116,partial_completed__max_rounds,116,116,1,0.07630288414657116,0.015251561999320984,0.0045303646475076675,0.28699374943971634,0.291524114087224,0.38307856023311615,1,,5,2,4,1,1,13,12,12,48,48,4,2,0,0,s1a3_greedy,1,0,0.24481117115356027,0.14106733181979508,18,0,0,15,15,15,0,0,0.0,0.45,0.4,0.425,0.5,0,0.0,0.45,0.45,0.45,0.6,0,0.6,0.7,0.5,0.6,0.75,0,0.6,0.7,0.5,0.6,0.75
117,max_rounds,117,117,1,0.0780935175716877,0.013010568916797638,0.0,0.009563552215695381,0.009563552215695381,0.10066763870418072,0,,,,,1,1,3,2,2,8,8,4,0,0,1,profiled_beam,1,1,0.07588920669513755,0.05222308888914995,30,20,20,20,21,1,1,0,0.8,0.75,0.85,0.8,0.825,0,0.8,0.75,0.85,0.8,0.825,0,0.8,0.75,0.85,0.8,0.8,0,0.84,0.8,0.9,0.85,0.85
118,no_strict_e1_improvement,118,118,1,0.07645783200860023,0.011990997940301895,0.0,0.0029819589108228683,0.0029819589108228683,0.091430788859725,0,,,,,1,0,1,1,1,1,1,4,0,0,-1,current,0,0,0.03757068244740367,0.03757068244740367,36,25,25,25,25,0,0,1,1.0,1.0,1.0,1.0,1.0,1,1.0,1.0,1.0,1.0,1.0,1,1.0,1.0,1.0,1.0,1.0,1,1.0,1.0,1.0,1.0,1.0
119,max_rounds,119,119,1,0.07846204750239849,0.024840805679559708,0.0,0.44468193873763084,0.44468193873763084,0.547984791919589,0,,,,,1,1,17,16,16,63,63,4,0,2,1,profiled_beam,1,1,0.2147646694094874,0.0699622747139074,19,1,1,0,21,20,21,0,0.04,0.35,0.35,0.35,0.375,0,0.04,0.35,0.35,0.35,0.375,0,0.0,0.7,0.75,0.725,0.775,0,0.84,0.9,0.7,0.8,0.85
120,no_strict_e1_improvement,120,120,1,0.07783348858356476,0.011541232466697693,0.0,0.003185642883181572,0.003185642883181572,0.09256036393344402,0,,,,,1,0,1,1,1,1,1,4,0,0,-1,current,0,0,0.01571370409365045,0.01571370409365045,39,25,25,25,25,0,0,1,1.0,1.0,1.0,1.0,1.0,1,1.0,1.0,1.0,1.0,1.0,1,1.0,1.0,1.0,1.0,1.0,1,1.0,1.0,1.0,1.0,1.0
121,partial_completed__no_strict_e1_improvement,121,121,1,0.07640588097274303,0.01573842577636242,0.004186572507023811,0.0029140617698431015,0.007100634276866913,0.09924494102597237,1,,5,2,3,1,0,1,1,1,1,1,4,0,0,-1,current,1,0,0.030169707885943354,0.030169707885943354,31,20,25,25,25,5,0,0,0.8,0.8,0.75,0.775,0.775,1,1.0,1.0,1.0,1.0,1.0,1,1.0,1.0,1.0,1.0,1.0,1,1.0,1.0,1.0,1.0,1.0
122,no_strict_e1_improvement,122,122,1,0.07684094272553921,0.012120487168431282,0.0,0.0030756033957004547,0.0030756033957004547,0.09203703328967094,0,,,,,1,0,1,1,1,1,1,4,0,0,-1,current,0,0,0.03112838158849627,0.03112838158849627,36,25,25,25,25,0,0,1,1.0,1.0,1.0,1.0,1.0,1,1.0,1.0,1.0,1.0,1.0,1,1.0,1.0,1.0,1.0,1.0,1,1.0,1.0,1.0,1.0,1.0
123,no_strict_e1_improvement,123,123,1,0.076116181910038,0.015562374144792557,0.0,0.0030085407197475433,0.0030085407197475433,0.0946870967745781,0,,,,,1,0,1,1,1,1,1,4,0,0,-1,current,0,0,0.04296010911930352,0.04296010911930352,29,0,0,0,0,0,0,0,0.0,1.0,0.75,0.875,0.875,0,0.0,1.0,0.75,0.875,0.875,0,0.0,1.0,0.75,0.875,0.875,0,0.0,1.0,0.75,0.875,0.875
124,no_strict_e1_improvement,124,124,1,0.07645336724817753,0.01275971531867981,0.0,0.0029297545552253723,0.0029297545552253723,0.09214283712208271,0,,,,,1,0,1,1,1,1,1,4,0,0,-1,current,0,0,0.03438634175108746,0.03438634175108746,29,23,23,23,23,0,0,0,0.92,0.85,0.9,0.875,0.9,0,0.92,0.85,0.9,0.875,0.9,0,0.92,0.85,0.9,0.875,0.9,0,0.92,0.85,0.9,0.875,0.9
125,max_rounds,125,125,1,0.0779552198946476,0.02071279101073742,0.0,0.4421628527343273,0.4421628527343273,0.5408308636397123,0,,,,,1,1,17,16,16,62,62,4,-2,-2,1,profiled_beam,1,1,0.2608749713981524,0.07280916470335796,26,0,0,0,0,0,0,0,0.0,0.35,0.55,0.45,0.5,0,0.0,0.35,0.55,0.45,0.5,0,0.0,0.6,0.85,0.725,0.725,0,0.0,0.85,0.65,0.75,0.75
126,no_strict_e1_improvement,126,126,1,0.07760238274931908,0.013797450810670853,0.0,0.0031777136027812958,0.0031777136027812958,0.09457754716277122,0,,,,,1,0,1,1,1,1,1,4,0,0,-1,current,0,0,0.027994293486699462,0.027994293486699462,32,25,25,25,25,0,0,1,1.0,1.0,1.0,1.0,1.0,1,1.0,1.0,1.0,1.0,1.0,1,1.0,1.0,1.0,1.0,1.0,1,1.0,1.0,1.0,1.0,1.0
127,max_rounds,127,127,1,0.07702634111046791,0.016331324353814125,0.0,0.01809103973209858,0.01809103973209858,0.11144870519638062,0,,,,,1,1,3,2,2,8,8,4,-1,0,0,s1a3_greedy,1,0,0.18837590501643717,0.17094503734260796,21,0,0,15,15,15,0,0,0.0,0.65,0.4,0.525,0.6,0,0.0,0.65,0.4,0.525,0.6,0,0.6,0.75,0.35,0.55,0.575,0,0.6,0.75,0.35,0.55,0.575
128,max_rounds,128,128,1,0.07820598781108856,0.01290702074766159,0.0,0.004751415923237801,0.004751415923237801,0.09586442448198795,0,,,,,1,1,2,1,1,3,3,4,0,0,0,s1a3_greedy,1,0,0.058891784407023806,0.03967932708474109,29,0,0,0,0,0,0,0,0.0,0.85,0.75,0.8,0.8,0,0.0,0.85,0.75,0.8,0.8,0,0.0,1.0,0.75,0.875,0.875,0,0.0,1.0,0.75,0.875,0.875
129,max_rounds,129,129,1,0.0777476578950882,0.014282697811722755,0.0,0.27966337837278843,0.27966337837278843,0.3716937340795994,0,,,,,1,1,13,12,12,46,46,4,1,-1,1,profiled_beam,1,1,0.11225473320810124,0.07758542489027605,23,0,0,0,0,0,0,0,0.0,0.75,0.75,0.75,0.75,0,0.0,0.75,0.75,0.75,0.75,0,0.0,0.75,0.75,0.75,0.75,0,0.0,0.6,0.85,0.725,0.775
130,max_rounds,130,130,1,0.07799143344163895,0.017939064651727676,0.0,0.43492398224771023,0.43492398224771023,0.5308544803410769,0,,,,,1,1,17,16,16,62,62,4,-1,-1,1,profiled_beam,1,1,0.260600240554777,0.09503712189907673,22,1,1,0,0,-1,0,0,0.04,0.25,0.35,0.3,0.325,0,0.04,0.25,0.35,0.3,0.325,0,0.0,0.4,0.4,0.4,0.475,0,0.0,0.6,0.5,0.55,0.575
131,max_rounds,131,131,1,0.07885711453855038,0.013248508796095848,0.0,0.004879504442214966,0.004879504442214966,0.09698512777686119,0,,,,,1,1,2,1,1,4,4,4,0,0,0,s1a3_greedy,1,0,0.12991402298212051,0.03526960052549839,32,22,22,25,25,3,0,0,0.88,0.85,0.85,0.85,0.9,0,0.88,0.85,0.85,0.85,0.9,1,1.0,1.0,1.0,1.0,1.0,1,1.0,1.0,1.0,1.0,1.0
132,no_strict_e1_improvement,132,132,1,0.07752548344433308,0.014195138588547707,0.0,0.007138628512620926,0.007138628512620926,0.09885925054550171,0,,,,,1,0,1,1,1,4,4,4,0,0,-1,current,0,0,0.04627918489277363,0.04627918489277363,30,25,25,25,25,0,0,1,1.0,1.0,1.0,1.0,1.0,1,1.0,1.0,1.0,1.0,1.0,1,1.0,1.0,1.0,1.0,1.0,1,1.0,1.0,1.0,1.0,1.0
133,no_strict_e1_improvement,133,133,1,0.07756553217768669,0.013798478990793228,0.0,0.09216035902500153,0.09216035902500153,0.18352437019348145,0,,,,,1,0,7,6,6,22,22,4,0,0,-1,current,0,0,0.06634541978128254,0.06634541978128254,27,0,0,0,0,0,0,0,0.0,1.0,0.75,0.875,0.875,0,0.0,1.0,0.75,0.875,0.875,0,0.0,1.0,0.75,0.875,0.875,0,0.0,1.0,0.75,0.875,0.875
134,no_strict_e1_improvement,134,134,1,0.07785817421972752,0.012731010094285011,0.0,0.0031002406030893326,0.0031002406030893326,0.09368942491710186,0,,,,,1,0,1,1,1,1,1,4,0,0,-1,current,0,0,0.02252626755507663,0.02252626755507663,33,25,25,25,25,0,0,1,1.0,1.0,1.0,1.0,1.0,1,1.0,1.0,1.0,1.0,1.0,1,1.0,1.0,1.0,1.0,1.0,1,1.0,1.0,1.0,1.0,1.0
135,no_strict_e1_improvement,135,135,1,0.07888531126081944,0.012051217257976532,0.0,0.0037426967173814774,0.0037426967173814774,0.09467922523617744,0,,,,,1,0,1,1,1,2,2,4,0,0,-1,current,0,0,0.027719384478405117,0.027719384478405117,32,25,25,25,25,0,0,1,1.0,1.0,1.0,1.0,1.0,1,1.0,1.0,1.0,1.0,1.0,1,1.0,1.0,1.0,1.0,1.0,1,1.0,1.0,1.0,1.0,1.0
136,no_strict_e1_improvement,136,136,1,0.07779273390769958,0.012969713658094406,0.0,0.0057976134121418,0.0057976134121418,0.09656006097793579,0,,,,,1,0,1,1,1,4,4,4,0,0,-1,current,0,0,0.060209656367078424,0.060209656367078424,31,0,0,0,0,0,0,0,0.0,1.0,0.75,0.875,0.875,0,0.0,1.0,0.75,0.875,0.875,0,0.0,1.0,0.75,0.875,0.875,0,0.0,1.0,0.75,0.875,0.875
137,max_rounds,137,137,1,0.07784190401434898,0.01842852495610714,0.0,0.2820287700742483,0.2820287700742483,0.37829919904470444,0,,,,,1,1,13,12,12,47,47,4,-2,-1,1,profiled_beam,1,1,0.21691314778290688,0.054944749502465126,25,0,0,1,25,25,24,0,0.0,0.55,0.5,0.525,0.55,0,0.0,0.55,0.5,0.525,0.55,0,0.04,0.4,0.4,0.4,0.4,1,1.0,1.0,1.0,1.0,1.0
138,max_rounds,138,138,1,0.07822292111814022,0.0199316143989563,0.0,0.03303811699151993,0.03303811699151993,0.13119265250861645,0,,,,,1,1,4,3,3,12,12,4,-1,0,1,profiled_beam,1,1,0.1874773548101075,0.05754947541281581,23,0,0,18,0,0,-18,0,0.0,0.65,0.4,0.525,0.55,0,0.0,0.65,0.4,0.525,0.55,0,0.72,0.65,0.75,0.7,0.75,0,0.0,0.8,0.65,0.725,0.75
139,no_strict_e1_improvement,139,139,1,0.07750280015170574,0.012645889073610306,0.0,0.004407696425914764,0.004407696425914764,0.09455638565123081,0,,,,,1,0,1,1,1,3,3,4,0,0,-1,current,0,0,0.035329839470796286,0.035329839470796286,30,25,25,25,25,0,0,1,1.0,1.0,1.0,1.0,1.0,1,1.0,1.0,1.0,1.0,1.0,1,1.0,1.0,1.0,1.0,1.0,1,1.0,1.0,1.0,1.0,1.0
140,no_strict_e1_improvement,140,140,1,0.07728433609008789,0.011978881433606148,0.0,0.003186546266078949,0.003186546266078949,0.09244976378977299,0,,,,,1,0,1,1,1,1,1,4,0,0,-1,current,0,0,0.0077653500949963926,0.0077653500949963926,39,25,25,25,25,0,0,1,1.0,1.0,1.0,1.0,1.0,1,1.0,1.0,1.0,1.0,1.0,1,1.0,1.0,1.0,1.0,1.0,1,1.0,1.0,1.0,1.0,1.0
141,max_rounds,141,141,1,0.0777489896863699,0.015747305005788803,0.0,0.005792073905467987,0.005792073905467987,0.09928836859762669,0,,,,,1,1,2,1,1,2,2,4,0,0,1,profiled_beam,1,1,0.10290748723782599,0.052235076949000356,27,0,0,0,0,0,0,0,0.0,0.65,0.85,0.75,0.8,0,0.0,0.65,0.85,0.75,0.8,0,0.0,0.65,0.9,0.775,0.775,0,0.0,0.75,1.0,0.875,0.875
142,max_rounds,142,142,1,0.0775933712720871,0.016138097271323204,0.0,0.15887446887791157,0.15887446887791157,0.25260593742132187,0,,,,,1,1,9,8,8,32,32,4,0,0,0,s1a3_greedy,1,0,0.14619573103263975,0.061729031847789884,26,18,18,25,25,7,0,0,0.72,0.75,0.65,0.7,0.775,0,0.72,0.75,0.65,0.7,0.775,1,1.0,1.0,1.0,1.0,1.0,1,1.0,1.0,1.0,1.0,1.0
143,no_strict_e1_improvement,143,143,1,0.07831591740250587,0.01641499623656273,0.0,0.015070341527462006,0.015070341527462006,0.10980125516653061,0,,,,,1,0,2,2,2,8,8,4,0,0,-1,current,0,0,0.06821275593247264,0.06821275593247264,23,0,0,0,0,0,0,0,0.0,0.75,0.75,0.75,0.75,0,0.0,0.75,0.75,0.75,0.75,0,0.0,0.75,0.75,0.75,0.75,0,0.0,0.75,0.75,0.75,0.75
144,no_strict_e1_improvement,144,144,1,0.07754131779074669,0.012852892279624939,0.0,0.0032533686608076096,0.0032533686608076096,0.09364757873117924,0,,,,,1,0,1,1,1,1,1,4,0,0,-1,current,0,0,0.007441947516053915,0.007441947516053915,37,25,25,25,25,0,0,1,1.0,1.0,1.0,1.0,1.0,1,1.0,1.0,1.0,1.0,1.0,1,1.0,1.0,1.0,1.0,1.0,1,1.0,1.0,1.0,1.0,1.0
145,no_strict_e1_improvement,145,145,1,0.07817150466144085,0.013437116518616676,0.0,0.004705691710114479,0.004705691710114479,0.096314312890172,0,,,,,1,0,1,1,1,4,4,4,0,0,-1,current,0,0,0.03228982693981379,0.03228982693981379,28,0,0,0,0,0,0,0,0.0,0.75,0.95,0.85,0.85,0,0.0,0.75,0.95,0.85,0.85,0,0.0,0.75,0.95,0.85,0.85,0,0.0,0.75,0.95,0.85,0.85
146,max_rounds,146,146,1,0.07814102433621883,0.013517055660486221,0.0,0.004391079768538475,0.004391079768538475,0.09604915976524353,0,,,,,1,1,2,1,1,2,2,4,0,0,0,s1a3_greedy,1,0,0.05757242241088534,0.04207248469028855,31,23,23,25,25,2,0,0,0.92,0.9,0.9,0.9,0.925,0,0.92,0.9,0.9,0.9,0.925,1,1.0,1.0,1.0,1.0,1.0,1,1.0,1.0,1.0,1.0,1.0
147,max_rounds,147,147,1,0.07782945595681667,0.015416724607348442,0.0,0.009032318368554115,0.009032318368554115,0.10227849893271923,0,,,,,1,1,3,2,2,7,7,4,0,1,0,s1a3_greedy,1,0,0.09333071704022586,0.04075514590367675,31,0,0,0,0,0,0,0,0.0,0.55,0.9,0.725,0.725,0,0.0,0.55,0.9,0.725,0.725,0,0.0,0.75,1.0,0.875,0.875,0,0.0,0.75,1.0,0.875,0.875
148,no_strict_e1_improvement,148,148,1,0.07783461734652519,0.011862190440297127,0.0,0.003059539943933487,0.003059539943933487,0.0927563477307558,0,,,,,1,0,1,1,1,1,1,4,0,0,-1,current,0,0,0.014918192476034164,0.014918192476034164,35,25,25,25,25,0,0,1,1.0,1.0,1.0,1.0,1.0,1,1.0,1.0,1.0,1.0,1.0,1,1.0,1.0,1.0,1.0,1.0,1,1.0,1.0,1.0,1.0,1.0
149,no_strict_e1_improvement,149,149,1,0.07753566466271877,0.013923604041337967,0.0,0.004542369395494461,0.004542369395494461,0.0960016380995512,0,,,,,1,0,1,1,1,3,3,4,0,0,-1,current,0,0,0.0464045962318778,0.0464045962318778,30,23,23,23,23,0,0,0,0.92,0.85,0.9,0.875,0.9,0,0.92,0.85,0.9,0.875,0.9,0,0.92,0.85,0.9,0.875,0.9,0,0.92,0.85,0.9,0.875,0.9
150,partial_completed__max_rounds,150,150,1,0.07770616188645363,0.012530403211712837,0.0038431398570537567,0.004595212638378143,0.0084383524954319,0.09867491759359837,1,,5,2,2,1,1,2,1,1,3,3,4,0,0,0,s1a3_greedy,1,0,0.07996196169406175,0.05673447847366333,30,1,21,23,23,22,0,0,0.04,0.55,0.65,0.6,0.625,0,0.84,0.75,0.8,0.775,0.8,0,0.92,0.9,0.9,0.9,0.925,0,0.92,0.9,0.9,0.9,0.925
151,max_rounds,151,151,1,0.07763191871345043,0.013600604608654976,0.0,0.035227805376052856,0.035227805376052856,0.12646032869815826,0,,,,,1,1,5,4,4,15,15,4,0,-1,1,profiled_beam,1,1,0.07986722914793062,0.060120214431663044,25,23,23,0,0,-23,0,0,0.92,0.85,0.9,0.875,0.9,0,0.92,0.85,0.9,0.875,0.9,0,0.0,0.65,0.8,0.725,0.75,0,0.0,0.65,0.85,0.75,0.775
152,no_strict_e1_improvement,152,152,1,0.07754459232091904,0.011763820424675941,0.0,0.003710411489009857,0.003710411489009857,0.09301882423460484,0,,,,,1,0,1,1,1,2,2,4,0,0,-1,current,0,0,0.02024108504410833,0.02024108504410833,35,25,25,25,25,0,0,1,1.0,1.0,1.0,1.0,1.0,1,1.0,1.0,1.0,1.0,1.0,1,1.0,1.0,1.0,1.0,1.0,1,1.0,1.0,1.0,1.0,1.0
153,no_strict_e1_improvement,153,153,1,0.07884285785257816,0.012862741947174072,0.0,0.003075340762734413,0.003075340762734413,0.09478094056248665,0,,,,,1,0,1,1,1,1,1,4,0,0,-1,current,0,0,0.018027450758381747,0.018027450758381747,39,25,25,25,25,0,0,1,1.0,1.0,1.0,1.0,1.0,1,1.0,1.0,1.0,1.0,1.0,1,1.0,1.0,1.0,1.0,1.0,1,1.0,1.0,1.0,1.0,1.0
154,max_rounds,154,154,1,0.07693929597735405,0.017065199092030525,0.0,0.10687371529638767,0.10687371529638767,0.20087821036577225,0,,,,,1,1,7,6,6,23,23,4,0,0,1,profiled_beam,1,1,0.15036410838365555,0.10715047410922125,18,1,1,1,0,-1,-1,0,0.04,0.5,0.6,0.55,0.55,0,0.04,0.5,0.6,0.55,0.55,0,0.04,0.5,0.55,0.525,0.55,0,0.0,0.55,0.6,0.575,0.575
155,max_rounds,155,155,1,0.07747220247983932,0.017292112112045288,0.0,0.005084281787276268,0.005084281787276268,0.09984859637916088,0,,,,,1,1,2,1,1,4,4,4,0,0,1,profiled_beam,1,1,0.16308707213029267,0.11465035928413272,29,20,20,19,19,-1,0,0,0.8,0.7,0.8,0.75,0.8,0,0.8,0.7,0.8,0.75,0.8,0,0.76,0.7,0.8,0.75,0.775,0,0.76,0.7,0.85,0.775,0.775
156,max_rounds,156,156,1,0.07691287435591221,0.01292739249765873,0.0,0.011343816295266151,0.011343816295266151,0.10118408314883709,0,,,,,1,1,2,2,2,7,7,4,1,0,0,s1a3_greedy,1,0,0.04337539488915354,0.029398529137688457,35,0,0,25,25,25,0,0,0.0,1.0,0.75,0.875,0.875,0,0.0,1.0,0.75,0.875,0.875,1,1.0,1.0,1.0,1.0,1.0,1,1.0,1.0,1.0,1.0,1.0
157,no_strict_e1_improvement,157,157,1,0.0769523587077856,0.012144239619374275,0.0,0.004778996109962463,0.004778996109962463,0.09387559443712234,0,,,,,1,0,1,1,1,4,4,4,0,0,-1,current,0,0,0.035510215512476864,0.035510215512476864,29,25,25,25,25,0,0,1,1.0,1.0,1.0,1.0,1.0,1,1.0,1.0,1.0,1.0,1.0,1,1.0,1.0,1.0,1.0,1.0,1,1.0,1.0,1.0,1.0,1.0
158,max_rounds,158,158,1,0.07717062905430794,0.01740032620728016,0.0,0.060307979583740234,0.060307979583740234,0.15487893484532833,0,,,,,1,1,5,4,4,15,15,4,3,0,1,profiled_beam,1,1,0.18136605420149862,0.07808332541026175,21,0,0,0,0,0,0,0,0.0,0.4,0.5,0.45,0.5,0,0.0,0.4,0.5,0.45,0.5,0,0.0,0.6,0.65,0.625,0.675,0,0.0,0.35,0.65,0.5,0.55
159,max_rounds,159,159,1,0.07702017016708851,0.015838876366615295,0.0,0.037164365872740746,0.037164365872740746,0.13002341240644455,0,,,,,1,1,4,3,3,12,12,4,0,-2,1,profiled_beam,1,1,0.16096351080341265,0.07478094034595414,29,0,0,19,21,21,2,0,0.0,0.55,0.7,0.625,0.675,0,0.0,0.55,0.7,0.625,0.675,0,0.76,0.6,0.8,0.7,0.725,0,0.84,0.8,0.9,0.85,0.85
160,no_strict_e1_improvement,160,160,1,0.07745157182216644,0.015359368175268173,0.0,0.004730291664600372,0.004730291664600372,0.09754123166203499,0,,,,,1,0,1,1,1,2,2,4,0,0,-1,current,0,0,0.07447974192909897,0.07447974192909897,22,0,0,0,0,0,0,0,0.0,0.85,0.75,0.8,0.8,0,0.0,0.85,0.75,0.8,0.8,0,0.0,0.85,0.75,0.8,0.8,0,0.0,0.85,0.75,0.8,0.8
161,no_strict_e1_improvement,161,161,1,0.07734691351652145,0.012236440554261208,0.0,0.003647947683930397,0.003647947683930397,0.09323130175471306,0,,,,,1,0,1,1,1,2,2,4,0,0,-1,current,0,0,0.034682817247812636,0.034682817247812636,32,25,25,25,25,0,0,1,1.0,1.0,1.0,1.0,1.0,1,1.0,1.0,1.0,1.0,1.0,1,1.0,1.0,1.0,1.0,1.0,1,1.0,1.0,1.0,1.0,1.0
162,small_component,162,162,1,0.07763777673244476,0.017854195088148117,0.0,0.0018371529877185822,0.0018371529877185822,0.09732912480831146,0,,,,,1,0,0,0,0,0,0,4,0,0,-1,current,0,0,0.2795347017381573,0.2795347017381573,17,14,14,14,14,0,0,0,0.56,0.55,0.35,0.45,0.5,0,0.56,0.55,0.35,0.45,0.5,0,0.56,0.55,0.35,0.45,0.5,0,0.56,0.55,0.35,0.45,0.5
163,max_rounds,163,163,1,0.07794348150491714,0.016790756955742836,0.0,0.16078954748809338,0.16078954748809338,0.25552378594875336,0,,,,,1,1,9,8,8,32,32,4,0,0,1,profiled_beam,1,1,0.2183919514529407,0.17664038250222802,19,0,0,0,0,0,0,0,0.0,0.6,0.45,0.525,0.55,0,0.0,0.6,0.45,0.525,0.55,0,0.0,0.4,0.45,0.425,0.45,0,0.0,0.4,0.5,0.45,0.5
164,max_rounds,164,164,1,0.07820526696741581,0.013684369623661041,0.0,0.0310724638402462,0.0310724638402462,0.12296210043132305,0,,,,,1,1,4,3,3,10,10,4,2,0,0,s1a3_greedy,1,0,0.20064550950191914,0.10497527588158846,25,0,0,0,0,0,0,0,0.0,0.55,0.45,0.5,0.525,0,0.0,0.55,0.45,0.5,0.525,0,0.0,0.65,0.45,0.55,0.575,0,0.0,0.65,0.45,0.55,0.575
165,max_rounds,165,165,1,0.07922038435935974,0.016667531803250313,0.0,0.05951431021094322,0.05951431021094322,0.15540222637355328,0,,,,,1,1,5,4,4,12,12,4,2,0,0,s1a3_greedy,1,0,0.22044997443445027,0.0246396170463413,35,0,0,25,25,25,0,0,0.0,0.75,0.55,0.65,0.675,0,0.0,0.75,0.55,0.65,0.675,1,1.0,1.0,1.0,1.0,1.0,1,1.0,1.0,1.0,1.0,1.0
166,max_rounds,166,166,1,0.0782462302595377,0.014727147296071053,0.0,0.004792980849742889,0.004792980849742889,0.09776635840535164,0,,,,,1,1,2,1,1,3,3,4,0,0,0,s1a3_greedy,1,0,0.08160395349841565,0.043014416996447834,26,1,1,0,0,-1,0,0,0.04,0.9,0.65,0.775,0.8,0,0.04,0.9,0.65,0.775,0.8,0,0.0,1.0,0.75,0.875,0.875,0,0.0,1.0,0.75,0.875,0.875
167,no_strict_e1_improvement,167,167,1,0.07773132622241974,0.012079274281859398,0.0,0.0029874201864004135,0.0029874201864004135,0.09279802069067955,0,,,,,1,0,1,1,1,1,1,4,0,0,-1,current,0,0,0.03787131220742594,0.03787131220742594,30,25,25,25,25,0,0,1,1.0,1.0,1.0,1.0,1.0,1,1.0,1.0,1.0,1.0,1.0,1,1.0,1.0,1.0,1.0,1.0,1,1.0,1.0,1.0,1.0,1.0
168,no_strict_e1_improvement,168,168,1,0.07771836034953594,0.012321587651968002,0.0,0.003058355301618576,0.003058355301618576,0.09309830330312252,0,,,,,1,0,1,1,1,1,1,4,0,0,-1,current,0,0,0.016150359949097037,0.016150359949097037,35,25,25,25,25,0,0,1,1.0,1.0,1.0,1.0,1.0,1,1.0,1.0,1.0,1.0,1.0,1,1.0,1.0,1.0,1.0,1.0,1,1.0,1.0,1.0,1.0,1.0
169,no_strict_e1_improvement,169,169,1,0.07756001502275467,0.015174532309174538,0.0,0.03743242658674717,0.03743242658674717,0.13016697391867638,0,,,,,1,0,4,3,3,12,12,4,0,0,-1,current,0,0,0.09037614464759827,0.09037614464759827,31,0,0,0,0,0,0,0,0.0,0.75,0.75,0.75,0.75,0,0.0,0.75,0.75,0.75,0.75,0,0.0,0.75,0.75,0.75,0.75,0,0.0,0.75,0.75,0.75,0.75
170,no_strict_e1_improvement,170,170,1,0.07756908610463142,0.012140050530433655,0.0,0.0031217969954013824,0.0031217969954013824,0.09283093363046646,0,,,,,1,0,1,1,1,1,1,4,0,0,-1,current,0,0,0.03212299915030599,0.03212299915030599,34,0,0,0,0,0,0,0,0.0,0.75,1.0,0.875,0.875,0,0.0,0.75,1.0,0.875,0.875,0,0.0,0.75,1.0,0.875,0.875,0,0.0,0.75,1.0,0.875,0.875
171,partial_completed__max_rounds,171,171,1,0.0792539045214653,0.017411204054951668,0.004497421905398369,0.45028597116470337,0.45478339307010174,0.5514485016465187,1,,5,2,4,1,1,17,16,16,62,62,4,1,-2,1,profiled_beam,1,1,0.19846771033480765,0.12244988037273288,20,0,0,0,5,5,5,0,0.0,0.3,0.45,0.375,0.45,0,0.0,0.4,0.5,0.45,0.575,0,0.0,0.55,0.2,0.375,0.475,0,0.2,0.8,0.45,0.625,0.65
172,max_rounds,172,172,1,0.07846289500594139,0.020238259807229042,0.0,0.18901601433753967,0.18901601433753967,0.2877171691507101,0,,,,,1,1,10,9,9,32,32,4,-1,1,0,s1a3_greedy,1,0,0.2194274703040719,0.05178535843733698,26,0,0,0,0,0,0,0,0.0,0.45,0.3,0.375,0.4,0,0.0,0.45,0.3,0.375,0.4,0,0.0,0.75,1.0,0.875,0.875,0,0.0,0.75,1.0,0.875,0.875
173,no_strict_e1_improvement,173,173,1,0.07920527458190918,0.013364892452955246,0.0,0.0031820181757211685,0.0031820181757211685,0.0957521852105856,0,,,,,1,0,1,1,1,1,1,4,0,0,-1,current,0,0,0.011166967247845605,0.011166967247845605,38,25,25,25,25,0,0,1,1.0,1.0,1.0,1.0,1.0,1,1.0,1.0,1.0,1.0,1.0,1,1.0,1.0,1.0,1.0,1.0,1,1.0,1.0,1.0,1.0,1.0
174,no_strict_e1_improvement,174,174,1,0.0782696008682251,0.015340279787778854,0.0,0.0037258341908454895,0.0037258341908454895,0.09733571484684944,0,,,,,1,0,1,1,1,2,2,4,0,0,-1,current,0,0,0.03687053542817011,0.03687053542817011,33,25,25,25,25,0,0,1,1.0,1.0,1.0,1.0,1.0,1,1.0,1.0,1.0,1.0,1.0,1,1.0,1.0,1.0,1.0,1.0,1,1.0,1.0,1.0,1.0,1.0
175,max_rounds,175,175,1,0.07944769784808159,0.016358686611056328,0.0,0.4465182088315487,0.4465182088315487,0.5423245932906866,0,,,,,1,1,17,16,16,63,63,4,0,0,1,profiled_beam,1,1,0.28199841696769,0.08683923359494657,26,14,14,0,25,11,25,0,0.56,0.4,0.55,0.475,0.5,0,0.56,0.4,0.55,0.475,0.5,0,0.0,0.55,0.75,0.65,0.675,1,1.0,1.0,1.0,1.0,1.0
176,no_strict_e1_improvement,176,176,1,0.0783251952379942,0.012477768585085869,0.0,0.28892189264297485,0.28892189264297485,0.3797248564660549,0,,,,,1,0,12,12,12,47,47,4,0,0,-1,current,0,0,0.045267331053037194,0.045267331053037194,29,25,25,25,25,0,0,1,1.0,1.0,1.0,1.0,1.0,1,1.0,1.0,1.0,1.0,1.0,1,1.0,1.0,1.0,1.0,1.0,1,1.0,1.0,1.0,1.0,1.0
177,no_strict_e1_improvement,177,177,1,0.07837008684873581,0.013232039287686348,0.0,0.0036071036010980606,0.0036071036010980606,0.09520922973752022,0,,,,,1,0,1,1,1,2,2,4,0,0,-1,current,0,0,0.06793828998343088,0.06793828998343088,28,0,0,0,0,0,0,0,0.0,0.9,0.75,0.825,0.825,0,0.0,0.9,0.75,0.825,0.825,0,0.0,0.9,0.75,0.825,0.825,0,0.0,0.9,0.75,0.825,0.825
178,max_rounds,178,178,1,0.07867276482284069,0.012342935428023338,0.0,0.029156815260648727,0.029156815260648727,0.12017251551151276,0,,,,,1,1,3,3,3,9,9,4,-2,0,0,s1a3_greedy,1,0,0.053263867332134396,0.047270717809442434,32,0,0,23,23,23,0,0,0.0,1.0,0.75,0.875,0.875,0,0.0,1.0,0.75,0.875,0.875,0,0.92,0.9,0.85,0.875,0.9,0,0.92,0.9,0.85,0.875,0.9
179,max_rounds,179,179,1,0.07810957543551922,0.0185276847332716,0.0,0.27518948912620544,0.27518948912620544,0.37182674929499626,0,,,,,1,1,13,12,12,48,48,4,1,-1,1,profiled_beam,1,1,0.21102130711078643,0.15219810575945303,19,0,0,0,0,0,0,0,0.0,0.55,0.55,0.55,0.6,0,0.0,0.55,0.55,0.55,0.6,0,0.0,0.5,0.35,0.425,0.45,0,0.0,0.7,0.55,0.625,0.675
180,no_strict_e1_improvement,180,180,1,0.07718175277113914,0.01265309751033783,0.0,0.0031674299389123917,0.0031674299389123917,0.09300228022038937,0,,,,,1,0,1,1,1,1,1,4,0,0,-1,current,0,0,0.008612580236513168,0.008612580236513168,38,25,25,25,25,0,0,1,1.0,1.0,1.0,1.0,1.0,1,1.0,1.0,1.0,1.0,1.0,1,1.0,1.0,1.0,1.0,1.0,1,1.0,1.0,1.0,1.0,1.0
181,max_rounds,181,181,1,0.07618684135377407,0.012525809928774834,0.0,0.012623248621821404,0.012623248621821404,0.10133589990437031,0,,,,,1,1,3,2,2,7,7,4,0,1,0,s1a3_greedy,1,0,0.10310198832303286,0.039405268244445325,30,23,23,0,0,-23,0,0,0.92,0.85,0.9,0.875,0.875,0,0.92,0.85,0.9,0.875,0.875,0,0.0,0.75,1.0,0.875,0.875,0,0.0,0.75,1.0,0.875,0.875
182,max_rounds,182,182,1,0.07674998417496681,0.017796752974390984,0.0,0.04355641454458237,0.04355641454458237,0.13810315169394016,0,,,,,1,1,5,4,4,16,16,4,-1,1,0,s1a3_greedy,1,0,0.23783432464115323,0.1769540207576938,23,0,0,7,7,7,0,0,0.0,0.65,0.4,0.525,0.65,0,0.0,0.65,0.4,0.525,0.65,0,0.28,0.6,0.6,0.6,0.675,0,0.28,0.6,0.6,0.6,0.675
183,no_strict_e1_improvement,183,183,1,0.07671075500547886,0.013292882591485977,0.0,0.004976116120815277,0.004976116120815277,0.09497975371778011,0,,,,,1,0,1,1,1,4,4,4,0,0,-1,current,0,0,0.03135188809828833,0.03135188809828833,36,0,0,0,0,0,0,0,0.0,1.0,0.75,0.875,0.875,0,0.0,1.0,0.75,0.875,0.875,0,0.0,1.0,0.75,0.875,0.875,0,0.0,1.0,0.75,0.875,0.875
184,max_rounds,184,184,1,0.07692555524408817,0.01412707194685936,0.0,0.011021876707673073,0.011021876707673073,0.1020745038986206,0,,,,,1,1,2,2,2,7,7,4,-1,0,0,s1a3_greedy,1,0,0.06650850318837911,0.04322378460783512,27,0,0,25,25,25,0,0,0.0,0.95,0.75,0.85,0.85,0,0.0,0.95,0.75,0.85,0.85,1,1.0,1.0,1.0,1.0,1.0,1,1.0,1.0,1.0,1.0,1.0
185,no_strict_e1_improvement,185,185,1,0.07682708464562893,0.01166735589504242,0.0,0.0031215474009513855,0.0031215474009513855,0.09161598794162273,0,,,,,1,0,1,1,1,1,1,4,0,0,-1,current,0,0,0.0037919546011835337,0.0037919546011835337,38,25,25,25,25,0,0,1,1.0,1.0,1.0,1.0,1.0,1,1.0,1.0,1.0,1.0,1.0,1,1.0,1.0,1.0,1.0,1.0,1,1.0,1.0,1.0,1.0,1.0
186,max_rounds,186,186,1,0.07663714699447155,0.016553165391087532,0.0,0.025720562785863876,0.025720562785863876,0.11891087517142296,0,,,,,1,1,4,3,3,12,12,4,0,0,1,profiled_beam,1,1,0.11862851744954242,0.08281005295430077,30,0,0,0,0,0,0,0,0.0,0.65,0.9,0.775,0.825,0,0.0,0.65,0.9,0.775,0.825,0,0.0,0.75,0.75,0.75,0.75,0,0.0,0.75,1.0,0.875,0.875
187,no_strict_e1_improvement,187,187,1,0.07697906717658043,0.012081930413842201,0.0,0.012026913464069366,0.012026913464069366,0.101087911054492,0,,,,,1,0,2,2,2,6,6,4,0,0,-1,current,0,0,0.03280203295871616,0.03280203295871616,34,0,0,0,0,0,0,0,0.0,0.75,1.0,0.875,0.875,0,0.0,0.75,1.0,0.875,0.875,0,0.0,0.75,1.0,0.875,0.875,0,0.0,0.75,1.0,0.875,0.875
188,max_rounds,188,188,1,0.07771703600883484,0.019184287637472153,0.0,0.01870841346681118,0.01870841346681118,0.11560973711311817,0,,,,,1,1,3,2,2,7,7,4,0,0,1,profiled_beam,1,1,0.13847907693125308,0.07998064962448552,20,0,0,0,0,0,0,0,0.0,0.4,0.6,0.5,0.575,0,0.0,0.4,0.6,0.5,0.575,0,0.0,0.4,0.7,0.55,0.6,0,0.0,0.65,0.9,0.775,0.775
189,no_strict_e1_improvement,189,189,1,0.07889358513057232,0.014965416863560677,0.0,0.006264436990022659,0.006264436990022659,0.10012343898415565,0,,,,,1,0,1,1,1,4,4,4,0,0,-1,current,0,0,0.05347161935642362,0.05347161935642362,28,25,25,25,25,0,0,1,1.0,1.0,1.0,1.0,1.0,1,1.0,1.0,1.0,1.0,1.0,1,1.0,1.0,1.0,1.0,1.0,1,1.0,1.0,1.0,1.0,1.0
190,partial_completed__no_strict_e1_improvement,190,190,1,0.07936007715761662,0.01021404005587101,0.014788027852773666,0.02337978407740593,0.038167811930179596,0.12774192914366722,1,,10,3,6,1,0,3,3,3,11,11,4,0,0,-1,current,1,0,0.12321406196570024,0.12321406196570024,20,0,0,0,0,0,0,0,0.0,0.5,0.6,0.55,0.55,0,0.0,0.75,0.95,0.85,0.85,0,0.0,0.75,0.95,0.85,0.85,0,0.0,0.75,0.95,0.85,0.85
191,max_rounds,191,191,1,0.07924568466842175,0.013352354988455772,0.0,0.08795028738677502,0.08795028738677502,0.18054832704365253,0,,,,,1,1,7,6,6,21,21,4,2,0,0,s1a3_greedy,1,0,0.1434862358146347,0.043079689994920047,29,0,0,25,25,25,0,0,0.0,0.85,0.55,0.7,0.725,0,0.0,0.85,0.55,0.7,0.725,1,1.0,1.0,1.0,1.0,1.0,1,1.0,1.0,1.0,1.0,1.0
192,no_strict_e1_improvement,192,192,1,0.08008375950157642,0.016398703679442406,0.0,0.00309782475233078,0.00309782475233078,0.09958028793334961,0,,,,,1,0,1,1,1,1,1,4,0,0,-1,current,0,0,0.08052672566118417,0.08052672566118417,31,23,23,23,23,0,0,0,0.92,0.9,0.8,0.85,0.85,0,0.92,0.9,0.8,0.85,0.85,0,0.92,0.9,0.8,0.85,0.85,0,0.92,0.9,0.8,0.85,0.85
193,max_rounds,193,193,1,0.08110636845231056,0.01541527546942234,0.0,0.009210219606757164,0.009210219606757164,0.10573186352849007,0,,,,,1,1,3,2,2,7,7,4,0,1,0,s1a3_greedy,1,0,0.05431157457569498,0.011197812621685444,34,0,0,25,25,25,0,0,0.0,0.75,0.85,0.8,0.825,0,0.0,0.75,0.85,0.8,0.825,1,1.0,1.0,1.0,1.0,1.0,1,1.0,1.0,1.0,1.0,1.0
194,max_rounds,194,194,1,0.07764719612896442,0.013577545061707497,0.0,0.015879996120929718,0.015879996120929718,0.10710473731160164,0,,,,,1,1,2,2,2,7,7,4,-1,0,1,profiled_beam,1,1,0.06392276277765632,0.04254393014125526,28,0,0,0,0,0,0,0,0.0,0.9,0.75,0.825,0.825,0,0.0,0.9,0.75,0.825,0.825,0,0.0,0.85,0.75,0.8,0.8,0,0.0,0.95,0.75,0.85,0.85
195,no_strict_e1_improvement,195,195,1,0.07654916867613792,0.017614945769309998,0.0,0.08954672701656818,0.08954672701656818,0.1837108414620161,0,,,,,1,0,7,6,6,23,23,4,0,0,-1,current,0,0,0.12275392009178177,0.12275392009178177,22,1,1,1,1,0,0,0,0.04,0.7,0.45,0.575,0.65,0,0.04,0.7,0.45,0.575,0.65,0,0.04,0.7,0.45,0.575,0.65,0,0.04,0.7,0.45,0.575,0.65
196,no_strict_e1_improvement,196,196,1,0.07722881995141506,0.01247079111635685,0.0,0.005204379558563232,0.005204379558563232,0.09490399062633514,0,,,,,1,0,1,1,1,4,4,4,0,0,-1,current,0,0,0.04007684228126891,0.04007684228126891,34,25,25,25,25,0,0,1,1.0,1.0,1.0,1.0,1.0,1,1.0,1.0,1.0,1.0,1.0,1,1.0,1.0,1.0,1.0,1.0,1,1.0,1.0,1.0,1.0,1.0
197,max_rounds,197,197,1,0.0777397658675909,0.014354037120938301,0.0,0.025292418897151947,0.025292418897151947,0.11738622188568115,0,,,,,1,1,4,3,3,12,12,4,0,-2,1,profiled_beam,1,1,0.1095566058298573,0.024949682829901575,31,0,0,22,25,25,3,0,0.0,0.75,0.8,0.775,0.775,0,0.0,0.75,0.8,0.775,0.775,0,0.88,0.85,0.9,0.875,0.875,1,1.0,1.0,1.0,1.0,1.0
198,no_strict_e1_improvement,198,198,1,0.07615448534488678,0.014277337118983269,0.0,0.003903621807694435,0.003903621807694435,0.09433544427156448,0,,,,,1,0,1,1,1,2,2,4,0,0,-1,current,0,0,0.031054619885981082,0.031054619885981082,36,25,25,25,25,0,0,1,1.0,1.0,1.0,1.0,1.0,1,1.0,1.0,1.0,1.0,1.0,1,1.0,1.0,1.0,1.0,1.0,1,1.0,1.0,1.0,1.0,1.0
199,no_strict_e1_improvement,199,199,1,0.07808033190667629,0.012397218495607376,0.0,0.0030966438353061676,0.0030966438353061676,0.09357419423758984,0,,,,,1,0,1,1,1,1,1,4,0,0,-1,current,0,0,0.014318824000656604,0.014318824000656604,34,25,25,25,25,0,0,1,1.0,1.0,1.0,1.0,1.0,1,1.0,1.0,1.0,1.0,1.0,1,1.0,1.0,1.0,1.0,1.0,1,1.0,1.0,1.0,1.0,1.0
