sample_index,lsej_id,status,runtime_sample_position,runtime_sample_index,runtime_measured,compatibility_seconds,initial_solver_seconds,partial_completion_seconds,rgls_seconds,refinement_total_seconds,inference_total_seconds,partial_completion_applied,partial_completion_error,partial_completion_missing_pieces,partial_completion_legal_translations,partial_completion_candidates,rounds_attempted,rounds_accepted,total_global_candidates,total_poses,total_recorded_poses,total_completion_candidates,total_recorded_completion_candidates,completion_beam_width,selected_row_shift,selected_column_shift,selected_completion_index,selected_completion_origin,prediction_changed,initial_e1_mean_adjacency_score,final_e1_mean_adjacency_score,final_e1_mutual_top1_edges,baseline_correct_pieces,completed_baseline_correct_pieces,s1a3_reference_correct_pieces,selected_correct_pieces,piece_change,baseline_PA,completed_baseline_PA,s1a3_reference_PA,selected_PA,baseline_AA,completed_baseline_AA,s1a3_reference_AA,selected_AA,baseline_horizontal_SRA,s1a3_reference_horizontal_SRA,selected_horizontal_SRA,baseline_vertical_SRA,s1a3_reference_vertical_SRA,selected_vertical_SRA,baseline_SRA,completed_baseline_SRA,s1a3_reference_SRA,selected_SRA,beam_prediction_changed_vs_s1a3,beam_piece_change_vs_s1a3
0,LSEJ_000001,no_strict_e1_improvement,0,0,0,0.5819934904575348,0.05595472827553749,0.0,0.012952186167240143,0.012952186167240143,0.6509004049003124,0,,,,,1,0,1,1,1,1,1,4,0,0,-1,current,0,0.520123742106888,0.520123742106888,160,100,100,100,100,0,1,1,1,1,1.0,1.0,1.0,1.0,1.0,1.0,1.0,1.0,1.0,1.0,1.0,1.0,1.0,1.0,0,0
1,LSEJ_000004,max_rounds,1,1,0,0.34506492502987385,0.06658011116087437,0.0,0.02033434994518757,0.02033434994518757,0.4319793861359358,0,,,,,1,1,2,1,1,4,4,4,0,0,1,profiled_beam,1,0.5555134394102627,0.5540624209576183,153,96,96,96,100,4,0,0,0,1,0.96,0.96,0.96,1.0,0.9555555555555556,0.9555555555555556,1.0,0.9777777777777777,0.9777777777777777,1.0,0.9666666666666667,0.9666666666666667,0.9666666666666667,1.0,1,4
2,LSEJ_000009,no_strict_e1_improvement,2,2,0,0.3451751135289669,0.07086620107293129,0.0,0.012551719322800636,0.012551719322800636,0.42859303392469883,0,,,,,1,0,1,1,1,1,1,4,0,0,-1,current,0,0.5388806006974645,0.5388806006974645,148,100,100,100,100,0,1,1,1,1,1.0,1.0,1.0,1.0,1.0,1.0,1.0,1.0,1.0,1.0,1.0,1.0,1.0,1.0,0,0
3,LSEJ_000021,no_strict_e1_improvement,3,3,0,0.33482502587139606,0.06961661204695702,0.0,0.021257666870951653,0.021257666870951653,0.42569930478930473,0,,,,,1,0,1,1,1,4,4,4,0,0,-1,current,0,0.572459132803811,0.572459132803811,151,100,100,100,100,0,1,1,1,1,1.0,1.0,1.0,1.0,1.0,1.0,1.0,1.0,1.0,1.0,1.0,1.0,1.0,1.0,0,0
4,LSEJ_000024,max_rounds,4,4,0,0.31012819334864616,0.1056599598377943,0.0,0.10679922625422478,0.10679922625422478,0.5225873794406652,0,,,,,1,1,2,1,1,4,4,4,0,0,1,profiled_beam,1,0.5575635509358512,0.545122445291943,130,94,94,97,100,6,0,0,0,1,0.94,0.94,0.97,1.0,0.9333333333333333,0.9555555555555556,1.0,0.9333333333333333,0.9444444444444444,1.0,0.9333333333333333,0.9333333333333333,0.95,1.0,1,3
5,LSEJ_000034,no_strict_e1_improvement,5,5,0,0.3878580052405596,0.06405982375144958,0.0,0.012856347486376762,0.012856347486376762,0.4647741764783859,0,,,,,1,0,1,1,1,1,1,4,0,0,-1,current,0,0.4147288057539198,0.4147288057539198,168,100,100,100,100,0,1,1,1,1,1.0,1.0,1.0,1.0,1.0,1.0,1.0,1.0,1.0,1.0,1.0,1.0,1.0,1.0,0,0
6,LSEJ_000039,no_strict_e1_improvement,6,6,0,0.3079539053142071,0.07448121532797813,0.0,0.015717530623078346,0.015717530623078346,0.39815265126526356,0,,,,,1,0,1,1,1,2,2,4,0,0,-1,current,0,0.4672381760345565,0.4672381760345565,165,100,100,100,100,0,1,1,1,1,1.0,1.0,1.0,1.0,1.0,1.0,1.0,1.0,1.0,1.0,1.0,1.0,1.0,1.0,0,0
7,LSEJ_000045,max_rounds,7,7,0,0.2976179551333189,0.15824719704687595,0.0,0.16188381984829903,0.16188381984829903,0.6177489720284939,0,,,,,1,1,4,3,3,12,12,4,0,0,1,profiled_beam,1,0.4460966606934865,0.367609215196636,127,77,77,83,87,10,0,0,0,0,0.77,0.77,0.83,0.87,0.7777777777777778,0.8222222222222222,0.8333333333333334,0.7111111111111111,0.8333333333333334,0.8666666666666667,0.7444444444444445,0.7444444444444445,0.8277777777777777,0.85,1,4
8,LSEJ_000050,no_strict_e1_improvement,8,8,0,0.2996649034321308,0.08436537347733974,0.0,0.01578967645764351,0.01578967645764351,0.39981995336711407,0,,,,,1,0,1,1,1,1,1,4,0,0,-1,current,0,0.4088214050564501,0.4088214050564501,139,100,100,100,100,0,1,1,1,1,1.0,1.0,1.0,1.0,1.0,1.0,1.0,1.0,1.0,1.0,1.0,1.0,1.0,1.0,0,0
9,LSEJ_000061,max_rounds,9,9,0,0.2966965474188328,0.14153651520609856,0.0,0.0623895563185215,0.0623895563185215,0.5006226189434528,0,,,,,1,1,3,2,2,8,8,4,0,0,1,profiled_beam,1,0.5327423042721219,0.5080092986424763,120,93,93,94,94,1,0,0,0,0,0.93,0.93,0.94,0.94,0.9222222222222223,0.9444444444444444,0.9555555555555556,0.9222222222222223,0.9333333333333333,0.9333333333333333,0.9222222222222223,0.9222222222222223,0.9388888888888889,0.9444444444444444,1,0
10,LSEJ_000065,max_rounds,10,10,0,0.3085212782025337,0.1758374497294426,0.0,11.891752434894443,11.891752434894443,12.376111162826419,0,,,,,1,1,29,28,28,112,112,4,0,0,1,profiled_beam,1,0.5771613283289804,0.4830054237610764,90,40,40,51,66,26,0,0,0,0,0.4,0.4,0.51,0.66,0.6,0.6555555555555556,0.7333333333333333,0.5777777777777777,0.5666666666666667,0.6666666666666666,0.5888888888888889,0.5888888888888889,0.6111111111111112,0.7,1,15
11,LSEJ_000077,no_strict_e1_improvement,11,11,0,0.3742690943181515,0.10790915973484516,0.0,0.030332237482070923,0.030332237482070923,0.5125104915350676,0,,,,,1,0,1,1,1,4,4,4,0,0,-1,current,0,0.4346199689639939,0.4346199689639939,151,100,100,100,100,0,1,1,1,1,1.0,1.0,1.0,1.0,1.0,1.0,1.0,1.0,1.0,1.0,1.0,1.0,1.0,1.0,0,0
12,LSEJ_000081,max_rounds,12,12,0,0.3650901187211275,0.21551441587507725,0.0,4.336293315514922,4.336293315514922,4.916897850111127,0,,,,,1,1,16,15,15,60,60,4,-1,1,1,profiled_beam,1,0.5859535245250703,0.45086048470758316,85,1,1,1,87,86,0,0,0,0,0.01,0.01,0.01,0.87,0.4777777777777778,0.5,0.9111111111111111,0.36666666666666664,0.43333333333333335,0.8555555555555555,0.4222222222222222,0.4222222222222222,0.4666666666666667,0.8833333333333333,1,86
13,LSEJ_000082,no_strict_e1_improvement,13,13,0,0.3536721207201481,0.05049125291407108,0.0,0.012779129669070244,0.012779129669070244,0.4169425033032894,0,,,,,1,0,1,1,1,1,1,4,0,0,-1,current,0,0.40882607623934747,0.40882607623934747,163,100,100,100,100,0,1,1,1,1,1.0,1.0,1.0,1.0,1.0,1.0,1.0,1.0,1.0,1.0,1.0,1.0,1.0,1.0,0,0
14,LSEJ_000097,max_rounds,14,14,0,0.3013780601322651,0.1109406091272831,0.0,0.29790027625858784,0.29790027625858784,0.710218945518136,0,,,,,1,1,4,3,3,12,12,4,0,0,0,s1a3_greedy,1,0.6188083440065384,0.6040602688988049,98,58,58,63,63,5,0,0,0,0,0.58,0.58,0.63,0.63,0.7888888888888889,0.8333333333333334,0.8333333333333334,0.6222222222222222,0.7,0.7,0.7055555555555556,0.7055555555555556,0.7666666666666667,0.7666666666666667,0,0
15,LSEJ_000102,no_strict_e1_improvement,15,15,0,0.30995022878050804,0.07087117433547974,0.0,0.020302947610616684,0.020302947610616684,0.40112435072660446,0,,,,,1,0,1,1,1,3,3,4,0,0,-1,current,0,0.49894525441858506,0.49894525441858506,136,100,100,100,100,0,1,1,1,1,1.0,1.0,1.0,1.0,1.0,1.0,1.0,1.0,1.0,1.0,1.0,1.0,1.0,1.0,0,0
16,LSEJ_000114,no_strict_e1_improvement,16,16,0,0.2896615248173475,0.11333902180194855,0.0,0.015006890520453453,0.015006890520453453,0.4180074371397495,0,,,,,1,0,1,1,1,2,2,4,0,0,-1,current,0,0.5161659945216444,0.5161659945216444,142,100,100,100,100,0,1,1,1,1,1.0,1.0,1.0,1.0,1.0,1.0,1.0,1.0,1.0,1.0,1.0,1.0,1.0,1.0,0,0
17,LSEJ_000115,max_rounds,17,17,0,0.30556226521730423,0.0701599158346653,0.0,0.0924809630960226,0.0924809630960226,0.46820314414799213,0,,,,,1,1,3,2,2,5,5,4,0,0,0,s1a3_greedy,1,0.4209639863007598,0.41449577584862707,144,97,97,100,100,3,0,0,1,1,0.97,0.97,1.0,1.0,0.9333333333333333,1.0,1.0,0.9777777777777777,1.0,1.0,0.9555555555555556,0.9555555555555556,1.0,1.0,0,0
18,LSEJ_000122,max_rounds,18,18,0,0.2784795146435499,0.18254832737147808,0.0,37.638899547979236,37.638899547979236,38.099927389994264,0,,,,,1,1,65,64,64,253,253,4,0,-3,1,profiled_beam,1,0.4293743735800187,0.34198225248191094,53,0,0,0,0,0,0,0,0,0,0.0,0.0,0.0,0.0,0.24444444444444444,0.25555555555555554,0.36666666666666664,0.2,0.16666666666666666,0.25555555555555554,0.2222222222222222,0.2222222222222222,0.2111111111111111,0.3111111111111111,1,0
19,LSEJ_000128,max_rounds,19,19,0,0.2824714370071888,0.15302139148116112,0.0,4.217500301077962,4.217500301077962,4.652993129566312,0,,,,,1,1,17,16,16,64,64,4,1,0,1,profiled_beam,1,0.5490466464310885,0.5274266742583779,87,24,24,53,62,38,0,0,0,0,0.24,0.24,0.53,0.62,0.6666666666666666,0.5777777777777777,0.5888888888888889,0.5888888888888889,0.5111111111111111,0.6222222222222222,0.6277777777777778,0.6277777777777778,0.5444444444444444,0.6055555555555555,1,9
20,LSEJ_000137,max_rounds,20,20,1,0.2701356802135706,0.13481277599930763,0.0,0.2378723919391632,0.2378723919391632,0.6428208481520414,0,,,,,1,1,5,4,4,15,15,4,0,0,1,profiled_beam,1,0.650339729918374,0.6168295727835761,142,78,78,73,82,4,0,0,0,0,0.78,0.78,0.73,0.82,0.8222222222222222,0.8222222222222222,0.9333333333333333,0.8777777777777778,0.8222222222222222,0.9333333333333333,0.85,0.85,0.8222222222222222,0.9333333333333333,1,9
21,LSEJ_000141,no_strict_e1_improvement,21,21,1,0.27264925837516785,0.05145197734236717,0.0,0.015528928488492966,0.015528928488492966,0.339630164206028,0,,,,,1,0,1,1,1,2,2,4,0,0,-1,current,0,0.427833241969347,0.427833241969347,167,100,100,100,100,0,1,1,1,1,1.0,1.0,1.0,1.0,1.0,1.0,1.0,1.0,1.0,1.0,1.0,1.0,1.0,1.0,0,0
22,LSEJ_000153,no_strict_e1_improvement,22,22,1,0.2739298362284899,0.15563234500586987,0.0,0.25972731225192547,0.25972731225192547,0.6892894934862852,0,,,,,1,0,3,2,2,8,8,4,0,0,-1,current,0,0.383697269567185,0.383697269567185,99,66,66,66,66,0,0,0,0,0,0.66,0.66,0.66,0.66,0.5888888888888889,0.5888888888888889,0.5888888888888889,0.6222222222222222,0.6222222222222222,0.6222222222222222,0.6055555555555555,0.6055555555555555,0.6055555555555555,0.6055555555555555,0,0
23,LSEJ_000155,no_strict_e1_improvement,23,23,1,0.27928123995661736,0.04897623136639595,0.0,0.0155582744628191,0.0155582744628191,0.3438157457858324,0,,,,,1,0,1,1,1,2,2,4,0,0,-1,current,0,0.5155725763903724,0.5155725763903724,153,100,100,100,100,0,1,1,1,1,1.0,1.0,1.0,1.0,1.0,1.0,1.0,1.0,1.0,1.0,1.0,1.0,1.0,1.0,0,0
24,LSEJ_000167,no_strict_e1_improvement,24,24,1,0.27971165999770164,0.07290020771324635,0.0,0.012726793065667152,0.012726793065667152,0.36533866077661514,0,,,,,1,0,1,1,1,1,1,4,0,0,-1,current,0,0.5215101529326703,0.5215101529326703,161,100,100,100,100,0,1,1,1,1,1.0,1.0,1.0,1.0,1.0,1.0,1.0,1.0,1.0,1.0,1.0,1.0,1.0,1.0,0,0
25,LSEJ_000174,max_rounds,25,25,1,0.2786033507436514,0.14806875586509705,0.0,0.23174901120364666,0.23174901120364666,0.6584211178123951,0,,,,,1,1,3,2,2,8,8,4,0,0,1,profiled_beam,1,0.598092986146609,0.5872566188375156,104,83,83,78,84,1,0,0,0,0,0.83,0.83,0.78,0.84,0.7888888888888889,0.7444444444444445,0.8,0.7888888888888889,0.7666666666666667,0.8222222222222222,0.7888888888888889,0.7888888888888889,0.7555555555555555,0.8111111111111111,1,6
26,LSEJ_000179,max_rounds,26,26,1,0.2764016166329384,0.09281633608043194,0.0,0.0195904728025198,0.0195904728025198,0.3888084255158901,0,,,,,1,1,2,1,1,3,3,4,0,0,0,s1a3_greedy,1,0.5134371053841379,0.5093981004423566,137,98,98,100,100,2,0,0,1,1,0.98,0.98,1.0,1.0,0.9777777777777777,1.0,1.0,0.9777777777777777,1.0,1.0,0.9777777777777777,0.9777777777777777,1.0,1.0,0,0
27,LSEJ_000186,max_rounds,27,27,1,0.29229904152452946,0.14962264336645603,0.0,26.14004704914987,26.14004704914987,26.581968734040856,0,,,,,1,1,49,48,48,192,192,4,0,0,1,profiled_beam,1,0.6758376719223128,0.6358595766954952,78,67,67,67,50,-17,0,0,0,0,0.67,0.67,0.67,0.5,0.7222222222222222,0.7222222222222222,0.8222222222222222,0.6555555555555556,0.6555555555555556,0.5444444444444444,0.6888888888888889,0.6888888888888889,0.6888888888888889,0.6833333333333333,1,-17
28,LSEJ_000194,no_strict_e1_improvement,28,28,1,0.28757639043033123,0.050922006368637085,0.0,0.012906791642308235,0.012906791642308235,0.35140518844127655,0,,,,,1,0,1,1,1,1,1,4,0,0,-1,current,0,0.4252045187685225,0.4252045187685225,170,100,100,100,100,0,1,1,1,1,1.0,1.0,1.0,1.0,1.0,1.0,1.0,1.0,1.0,1.0,1.0,1.0,1.0,1.0,0,0
29,LSEJ_000205,no_strict_e1_improvement,29,29,1,0.28385651484131813,0.050553957000374794,0.0,0.012814415618777275,0.012814415618777275,0.3472248874604702,0,,,,,1,0,1,1,1,1,1,4,0,0,-1,current,0,0.485245447854201,0.485245447854201,168,100,100,100,100,0,1,1,1,1,1.0,1.0,1.0,1.0,1.0,1.0,1.0,1.0,1.0,1.0,1.0,1.0,1.0,1.0,0,0
30,LSEJ_000210,no_strict_e1_improvement,30,30,1,0.27164564095437527,0.05105992406606674,0.0,0.012868095189332962,0.012868095189332962,0.33557366020977497,0,,,,,1,0,1,1,1,1,1,4,0,0,-1,current,0,0.3774469809399711,0.3774469809399711,172,100,100,100,100,0,1,1,1,1,1.0,1.0,1.0,1.0,1.0,1.0,1.0,1.0,1.0,1.0,1.0,1.0,1.0,1.0,0,0
31,LSEJ_000214,no_strict_e1_improvement,31,31,1,0.27497803792357445,0.09294915199279785,0.0,0.8281863480806351,0.8281863480806351,1.1961135379970074,0,,,,,1,0,6,5,5,20,20,4,0,0,-1,current,0,0.660301886830065,0.660301886830065,110,73,73,73,73,0,0,0,0,0,0.73,0.73,0.73,0.73,0.7333333333333333,0.7333333333333333,0.7333333333333333,0.8,0.8,0.8,0.7666666666666667,0.7666666666666667,0.7666666666666667,0.7666666666666667,0,0
32,LSEJ_000216,no_strict_e1_improvement,32,32,1,0.28443412855267525,0.09080456010997295,0.0,0.03589806891977787,0.03589806891977787,0.41113675758242607,0,,,,,1,0,2,1,1,3,3,4,0,0,-1,current,0,0.38228505667712953,0.38228505667712953,136,94,94,94,94,0,0,0,0,0,0.94,0.94,0.94,0.94,0.9111111111111111,0.9111111111111111,0.9111111111111111,0.9333333333333333,0.9333333333333333,0.9333333333333333,0.9222222222222223,0.9222222222222223,0.9222222222222223,0.9222222222222223,0,0
33,LSEJ_000230,no_strict_e1_improvement,33,33,1,0.2692408300936222,0.050234077498316765,0.0,0.012933693826198578,0.012933693826198578,0.33240860141813755,0,,,,,1,0,1,1,1,1,1,4,0,0,-1,current,0,0.5089283047450913,0.5089283047450913,168,100,100,100,100,0,1,1,1,1,1.0,1.0,1.0,1.0,1.0,1.0,1.0,1.0,1.0,1.0,1.0,1.0,1.0,1.0,0,0
34,LSEJ_000238,no_strict_e1_improvement,34,34,1,0.2758335806429386,0.0510889757424593,0.0,0.013027340173721313,0.013027340173721313,0.3399498965591192,0,,,,,1,0,1,1,1,1,1,4,0,0,-1,current,0,0.36152681695918243,0.36152681695918243,177,100,100,100,100,0,1,1,1,1,1.0,1.0,1.0,1.0,1.0,1.0,1.0,1.0,1.0,1.0,1.0,1.0,1.0,1.0,0,0
35,LSEJ_000242,no_strict_e1_improvement,35,35,1,0.27892469242215157,0.050460245460271835,0.0,0.012748245149850845,0.012748245149850845,0.34213318303227425,0,,,,,1,0,1,1,1,1,1,4,0,0,-1,current,0,0.40526968894733323,0.40526968894733323,162,100,100,100,100,0,1,1,1,1,1.0,1.0,1.0,1.0,1.0,1.0,1.0,1.0,1.0,1.0,1.0,1.0,1.0,1.0,0,0
36,LSEJ_000244,no_strict_e1_improvement,36,36,1,0.27308695763349533,0.049598485231399536,0.0,0.01841672696173191,0.01841672696173191,0.3411021698266268,0,,,,,1,0,1,1,1,3,3,4,0,0,-1,current,0,0.3316493884142902,0.3316493884142902,150,100,100,100,100,0,1,1,1,1,1.0,1.0,1.0,1.0,1.0,1.0,1.0,1.0,1.0,1.0,1.0,1.0,1.0,1.0,0,0
37,LSEJ_000263,no_strict_e1_improvement,37,37,1,0.27733244374394417,0.071056904271245,0.0,0.014699060469865799,0.014699060469865799,0.36308840848505497,0,,,,,1,0,1,1,1,2,2,4,0,0,-1,current,0,0.6077787223789427,0.6077787223789427,140,100,100,100,100,0,1,1,1,1,1.0,1.0,1.0,1.0,1.0,1.0,1.0,1.0,1.0,1.0,1.0,1.0,1.0,1.0,0,0
38,LSEJ_000265,no_strict_e1_improvement,38,38,1,0.2690618019551039,0.04954153299331665,0.0,0.022462639957666397,0.022462639957666397,0.3410659749060869,0,,,,,1,0,1,1,1,4,4,4,0,0,-1,current,0,0.5110374651021428,0.5110374651021428,142,100,100,100,100,0,1,1,1,1,1.0,1.0,1.0,1.0,1.0,1.0,1.0,1.0,1.0,1.0,1.0,1.0,1.0,1.0,0,0
39,LSEJ_000266,max_rounds,39,39,1,0.2759062238037586,0.17995967529714108,0.0,7.641844566911459,7.641844566911459,8.097710466012359,0,,,,,1,1,19,18,18,72,72,4,0,0,1,profiled_beam,1,0.6296239048242569,0.600120148062706,79,48,48,62,64,16,0,0,0,0,0.48,0.48,0.62,0.64,0.7111111111111111,0.5888888888888889,0.7222222222222222,0.5666666666666667,0.6,0.6666666666666666,0.6388888888888888,0.6388888888888888,0.5944444444444444,0.6944444444444444,1,2
40,LSEJ_000275,max_rounds,40,40,1,0.2869502641260624,0.07975777611136436,0.0,0.11133409664034843,0.11133409664034843,0.4780421368777752,0,,,,,1,1,2,1,1,4,4,4,0,0,1,profiled_beam,1,0.5422249063021607,0.5388575970298715,117,95,95,95,93,-2,0,0,0,0,0.95,0.95,0.95,0.93,0.9777777777777777,0.9777777777777777,0.9333333333333333,0.9444444444444444,0.9444444444444444,0.9222222222222223,0.9611111111111111,0.9611111111111111,0.9611111111111111,0.9277777777777778,1,-2
41,LSEJ_000278,no_strict_e1_improvement,41,41,1,0.27302126586437225,0.050382841378450394,0.0,0.01865219511091709,0.01865219511091709,0.34205630235373974,0,,,,,1,0,1,1,1,3,3,4,0,0,-1,current,0,0.5075286612742477,0.5075286612742477,154,100,100,100,100,0,1,1,1,1,1.0,1.0,1.0,1.0,1.0,1.0,1.0,1.0,1.0,1.0,1.0,1.0,1.0,1.0,0,0
42,LSEJ_000280,no_strict_e1_improvement,42,42,1,0.27181085757911205,0.050236959010362625,0.0,0.012662719935178757,0.012662719935178757,0.33471053652465343,0,,,,,1,0,1,1,1,1,1,4,0,0,-1,current,0,0.5575144938296742,0.5575144938296742,163,100,100,100,100,0,1,1,1,1,1.0,1.0,1.0,1.0,1.0,1.0,1.0,1.0,1.0,1.0,1.0,1.0,1.0,1.0,0,0
43,LSEJ_000290,no_strict_e1_improvement,43,43,1,0.2626023609191179,0.06815068423748016,0.0,0.014983192086219788,0.014983192086219788,0.3457362372428179,0,,,,,1,0,1,1,1,2,2,4,0,0,-1,current,0,0.5312450665566656,0.5312450665566656,158,100,100,100,100,0,1,1,1,1,1.0,1.0,1.0,1.0,1.0,1.0,1.0,1.0,1.0,1.0,1.0,1.0,1.0,1.0,0,0
44,LSEJ_000298,max_rounds,44,44,1,0.2707606013864279,0.08596698753535748,0.0,0.385195255279541,0.385195255279541,0.7419228442013264,0,,,,,1,1,5,4,4,16,16,4,1,0,1,profiled_beam,1,0.5993178433014287,0.5973878770238823,111,64,64,64,0,-64,0,0,0,0,0.64,0.64,0.64,0.0,0.8666666666666667,0.8666666666666667,0.8777777777777778,0.5777777777777777,0.5777777777777777,0.6111111111111112,0.7222222222222222,0.7222222222222222,0.7222222222222222,0.7444444444444445,1,-64
45,LSEJ_000304,max_rounds,45,45,1,0.2727047186344862,0.11351025849580765,0.0,0.023336544632911682,0.023336544632911682,0.40955152176320553,0,,,,,1,1,2,1,1,4,4,4,0,0,0,s1a3_greedy,1,0.5645268198516634,0.5513774105244212,142,95,95,100,100,5,0,0,1,1,0.95,0.95,1.0,1.0,0.9444444444444444,1.0,1.0,0.9444444444444444,1.0,1.0,0.9444444444444444,0.9444444444444444,1.0,1.0,0,0
46,LSEJ_000306,max_rounds,46,46,1,0.27214497327804565,0.15830753184854984,0.0,8.256584534421563,8.256584534421563,8.687037039548159,0,,,,,1,1,25,24,24,96,96,4,0,0,1,profiled_beam,1,0.5260931884249052,0.5056910864180989,99,86,86,86,88,2,0,0,0,0,0.86,0.86,0.86,0.88,0.8444444444444444,0.8444444444444444,0.8888888888888888,0.8222222222222222,0.8222222222222222,0.8444444444444444,0.8333333333333334,0.8333333333333334,0.8333333333333334,0.8666666666666667,1,2
47,LSEJ_000309,max_rounds,47,47,1,0.2777988240122795,0.16409395821392536,0.0,1.5410044081509113,1.5410044081509113,1.9828971903771162,0,,,,,1,1,7,6,6,24,24,4,0,0,1,profiled_beam,1,0.6606973442766402,0.5841350469324323,83,52,52,2,62,10,0,0,0,0,0.52,0.52,0.02,0.62,0.6333333333333333,0.8,0.7888888888888889,0.5555555555555556,0.6555555555555556,0.7444444444444445,0.5944444444444444,0.5944444444444444,0.7277777777777777,0.7666666666666667,1,60
48,LSEJ_000315,no_strict_e1_improvement,48,48,1,0.2818657476454973,0.050809476524591446,0.0,0.015149043872952461,0.015149043872952461,0.34782426804304123,0,,,,,1,0,1,1,1,2,2,4,0,0,-1,current,0,0.5280776439441575,0.5280776439441575,159,100,100,100,100,0,1,1,1,1,1.0,1.0,1.0,1.0,1.0,1.0,1.0,1.0,1.0,1.0,1.0,1.0,1.0,1.0,0,0
49,LSEJ_000318,no_strict_e1_improvement,49,49,1,0.2704604212194681,0.08333339542150497,0.0,0.020488666370511055,0.020488666370511055,0.37428248301148415,0,,,,,1,0,1,1,1,3,3,4,0,0,-1,current,0,0.5468958218892416,0.5468958218892416,131,97,97,97,97,0,0,0,0,0,0.97,0.97,0.97,0.97,0.9666666666666667,0.9666666666666667,0.9666666666666667,0.9666666666666667,0.9666666666666667,0.9666666666666667,0.9666666666666667,0.9666666666666667,0.9666666666666667,0.9666666666666667,0,0
50,LSEJ_000328,max_rounds,50,50,1,0.26749772392213345,0.1403919719159603,0.0,0.5708815511316061,0.5708815511316061,0.9787712469696999,0,,,,,1,1,4,3,3,12,12,4,0,0,1,profiled_beam,1,0.6233041829533047,0.6218225310246149,102,89,89,89,85,-4,0,0,0,0,0.89,0.89,0.89,0.85,0.8555555555555555,0.8555555555555555,0.8111111111111111,0.8666666666666667,0.8666666666666667,0.8222222222222222,0.8611111111111112,0.8611111111111112,0.8611111111111112,0.8166666666666667,1,-4
51,LSEJ_000331,no_strict_e1_improvement,51,51,1,0.2886677645146847,0.06973498687148094,0.0,0.022392358630895615,0.022392358630895615,0.38079511001706123,0,,,,,1,0,1,1,1,4,4,4,0,0,-1,current,0,0.5091656865345107,0.5091656865345107,137,98,98,98,98,0,0,0,0,0,0.98,0.98,0.98,0.98,0.9777777777777777,0.9777777777777777,0.9777777777777777,0.9555555555555556,0.9555555555555556,0.9555555555555556,0.9666666666666667,0.9666666666666667,0.9666666666666667,0.9666666666666667,0,0
52,LSEJ_000345,no_strict_e1_improvement,52,52,1,0.2785121314227581,0.0507718026638031,0.0,0.015093659982085228,0.015093659982085228,0.34437759406864643,0,,,,,1,0,1,1,1,2,2,4,0,0,-1,current,0,0.5713897377252579,0.5713897377252579,155,100,100,100,100,0,1,1,1,1,1.0,1.0,1.0,1.0,1.0,1.0,1.0,1.0,1.0,1.0,1.0,1.0,1.0,1.0,0,0
53,LSEJ_000347,no_strict_e1_improvement,53,53,1,0.27467173896729946,0.15051119960844517,0.0,0.43656510300934315,0.43656510300934315,0.8617480415850878,0,,,,,1,0,4,3,3,12,12,4,0,0,-1,current,0,0.5719829676879777,0.5719829676879777,107,89,89,89,89,0,0,0,0,0,0.89,0.89,0.89,0.89,0.8222222222222222,0.8222222222222222,0.8222222222222222,0.9111111111111111,0.9111111111111111,0.9111111111111111,0.8666666666666667,0.8666666666666667,0.8666666666666667,0.8666666666666667,0,0
54,LSEJ_000351,partial_completed__no_strict_e1_improvement,54,54,1,0.2678450904786587,0.09272231720387936,0.5776383951306343,1.5025683417916298,2.080206736922264,2.440774144604802,1,,50,6,11,1,0,8,7,7,28,28,4,0,0,-1,current,1,0.3980292535904381,0.3980292535904381,158,0,100,100,100,100,0,1,1,1,0.0,1.0,1.0,1.0,0.5,1.0,1.0,0.4444444444444444,1.0,1.0,0.4722222222222222,1.0,1.0,1.0,0,0
55,LSEJ_000359,no_strict_e1_improvement,55,55,1,0.2724861893802881,0.050783099606633186,0.0,0.012971427291631699,0.012971427291631699,0.336240716278553,0,,,,,1,0,1,1,1,1,1,4,0,0,-1,current,0,0.5235380230678452,0.5235380230678452,172,100,100,100,100,0,1,1,1,1,1.0,1.0,1.0,1.0,1.0,1.0,1.0,1.0,1.0,1.0,1.0,1.0,1.0,1.0,0,0
56,LSEJ_000364,no_strict_e1_improvement,56,56,1,0.26993339881300926,0.05131359584629536,0.0,0.012857332825660706,0.012857332825660706,0.3341043274849653,0,,,,,1,0,1,1,1,1,1,4,0,0,-1,current,0,0.6003417597876655,0.6003417597876655,159,100,100,100,100,0,1,1,1,1,1.0,1.0,1.0,1.0,1.0,1.0,1.0,1.0,1.0,1.0,1.0,1.0,1.0,1.0,0,0
57,LSEJ_000368,max_rounds,57,57,1,0.2715904675424099,0.07122207246720791,0.0,0.021449243649840355,0.021449243649840355,0.36426178365945816,0,,,,,1,1,2,1,1,3,3,4,0,0,0,s1a3_greedy,1,0.5849374100565911,0.58326110061672,147,97,97,95,95,-2,0,0,0,0,0.97,0.97,0.95,0.95,0.9666666666666667,0.9777777777777777,0.9777777777777777,0.9666666666666667,0.9444444444444444,0.9444444444444444,0.9666666666666667,0.9666666666666667,0.9611111111111111,0.9611111111111111,0,0
58,LSEJ_000378,max_rounds,58,58,1,0.27061798982322216,0.1256960667669773,0.0,0.0681015495210886,0.0681015495210886,0.46441560611128807,0,,,,,1,1,2,1,1,4,4,4,0,0,1,profiled_beam,1,0.5807112933860885,0.5413988161418173,127,85,85,95,96,11,0,0,0,0,0.85,0.85,0.95,0.96,0.9,0.9777777777777777,0.9666666666666667,0.7777777777777778,0.9444444444444444,0.9555555555555556,0.8388888888888889,0.8388888888888889,0.9611111111111111,0.9611111111111111,1,1
59,LSEJ_000379,no_strict_e1_improvement,59,59,1,0.2766197416931391,0.05131414346396923,0.0,0.012991772964596748,0.012991772964596748,0.34092565812170506,0,,,,,1,0,1,1,1,1,1,4,0,0,-1,current,0,0.38821947450439137,0.38821947450439137,176,100,100,100,100,0,1,1,1,1,1.0,1.0,1.0,1.0,1.0,1.0,1.0,1.0,1.0,1.0,1.0,1.0,1.0,1.0,0,0
60,LSEJ_000392,no_strict_e1_improvement,60,60,1,0.27624478563666344,0.05093836225569248,0.0,0.015282992273569107,0.015282992273569107,0.342466140165925,0,,,,,1,0,1,1,1,1,1,4,0,0,-1,current,0,0.6377836694320043,0.6377836694320043,146,100,100,100,100,0,1,1,1,1,1.0,1.0,1.0,1.0,1.0,1.0,1.0,1.0,1.0,1.0,1.0,1.0,1.0,1.0,0,0
61,LSEJ_000400,no_strict_e1_improvement,61,61,1,0.28716486133635044,0.05126730352640152,0.0,0.02179122157394886,0.02179122157394886,0.3602233864367008,0,,,,,1,0,1,1,1,4,4,4,0,0,-1,current,0,0.6286971259448263,0.6286971259448263,143,100,100,100,100,0,1,1,1,1,1.0,1.0,1.0,1.0,1.0,1.0,1.0,1.0,1.0,1.0,1.0,1.0,1.0,1.0,0,0
62,LSEJ_000405,max_rounds,62,62,1,0.26734151132404804,0.05144922062754631,0.0,0.024511706084012985,0.024511706084012985,0.34330243803560734,0,,,,,1,1,2,1,1,4,4,4,0,0,1,profiled_beam,1,0.5302681825227208,0.5256772534714804,140,97,97,96,100,3,0,0,0,1,0.97,0.97,0.96,1.0,0.9555555555555556,0.9666666666666667,1.0,0.9555555555555556,0.9444444444444444,1.0,0.9555555555555556,0.9555555555555556,0.9555555555555556,1.0,1,4
63,LSEJ_000407,no_strict_e1_improvement,63,63,1,0.277218546718359,0.07296423614025116,0.0,0.012977544218301773,0.012977544218301773,0.3631603270769119,0,,,,,1,0,1,1,1,1,1,4,0,0,-1,current,0,0.39129950404167174,0.39129950404167174,167,100,100,100,100,0,1,1,1,1,1.0,1.0,1.0,1.0,1.0,1.0,1.0,1.0,1.0,1.0,1.0,1.0,1.0,1.0,0,0
64,LSEJ_000416,no_strict_e1_improvement,64,64,1,0.27481452748179436,0.050351377576589584,0.0,0.015326648950576782,0.015326648950576782,0.3404925540089607,0,,,,,1,0,1,1,1,2,2,4,0,0,-1,current,0,0.4769518092274666,0.4769518092274666,147,100,100,100,100,0,1,1,1,1,1.0,1.0,1.0,1.0,1.0,1.0,1.0,1.0,1.0,1.0,1.0,1.0,1.0,1.0,0,0
65,LSEJ_000432,max_rounds,65,65,1,0.2695604469627142,0.15420260652899742,0.0,0.16069738380610943,0.16069738380610943,0.584460437297821,0,,,,,1,1,2,1,1,4,4,4,0,0,1,profiled_beam,1,0.6730832957559162,0.6514354545209143,101,66,66,74,78,12,0,0,0,0,0.66,0.66,0.74,0.78,0.6444444444444445,0.7777777777777778,0.8444444444444444,0.6777777777777778,0.7333333333333333,0.7555555555555555,0.6611111111111111,0.6611111111111111,0.7555555555555555,0.8,1,4
66,LSEJ_000436,no_strict_e1_improvement,66,66,1,0.26934564858675003,0.07261383533477783,0.0,0.019825037568807602,0.019825037568807602,0.36178452149033546,0,,,,,1,0,1,1,1,3,3,4,0,0,-1,current,0,0.6288854911923408,0.6288854911923408,135,100,100,100,100,0,1,1,1,1,1.0,1.0,1.0,1.0,1.0,1.0,1.0,1.0,1.0,1.0,1.0,1.0,1.0,1.0,0,0
67,LSEJ_000441,max_rounds,67,67,1,0.2740020714700222,0.18781938962638378,0.0,26.460461581125855,26.460461581125855,26.92228304222226,0,,,,,1,1,49,48,48,191,191,4,0,5,1,profiled_beam,1,0.629709651403957,0.6094179302453995,62,30,30,30,1,-29,0,0,0,0,0.3,0.3,0.3,0.01,0.5333333333333333,0.5333333333333333,0.4888888888888889,0.35555555555555557,0.35555555555555557,0.45555555555555555,0.4444444444444444,0.4444444444444444,0.4444444444444444,0.4722222222222222,1,-29
68,LSEJ_000443,max_rounds,68,68,1,0.2878384701907635,0.09427691996097565,0.0,0.01925715245306492,0.01925715245306492,0.40137254260480404,0,,,,,1,1,2,1,1,1,1,4,0,0,0,s1a3_greedy,1,0.6314539252056016,0.62821194248067,146,98,98,100,100,2,0,0,1,1,0.98,0.98,1.0,1.0,0.9777777777777777,1.0,1.0,0.9666666666666667,1.0,1.0,0.9722222222222222,0.9722222222222222,1.0,1.0,0,0
69,LSEJ_000447,max_rounds,69,69,1,0.27803885377943516,0.09189432300627232,0.0,0.08846220932900906,0.08846220932900906,0.45839538611471653,0,,,,,1,1,2,1,1,4,4,4,0,0,1,profiled_beam,1,0.6094023005002075,0.5781344604988893,130,78,78,95,100,22,0,0,0,1,0.78,0.78,0.95,1.0,0.8666666666666667,0.9111111111111111,1.0,0.8777777777777778,0.9222222222222223,1.0,0.8722222222222222,0.8722222222222222,0.9166666666666666,1.0,1,5
70,LSEJ_000455,no_strict_e1_improvement,70,70,1,0.27287894301116467,0.09441312775015831,0.0,0.10591514222323895,0.10591514222323895,0.4732072129845619,0,,,,,1,0,3,2,2,8,8,4,0,0,-1,current,0,0.4977193941672643,0.4977193941672643,144,98,98,98,98,0,0,0,0,0,0.98,0.98,0.98,0.98,0.9555555555555556,0.9555555555555556,0.9555555555555556,0.9666666666666667,0.9666666666666667,0.9666666666666667,0.9611111111111111,0.9611111111111111,0.9611111111111111,0.9611111111111111,0,0
71,LSEJ_000461,max_rounds,71,71,1,0.26962289214134216,0.15312415547668934,0.0,0.04041808098554611,0.04041808098554611,0.4631651286035776,0,,,,,1,1,2,1,1,4,4,4,0,0,0,s1a3_greedy,1,0.47054169677366087,0.46499922070393546,140,86,86,88,88,2,0,0,0,0,0.86,0.86,0.88,0.88,0.9111111111111111,0.8777777777777778,0.8777777777777778,0.8333333333333334,0.8444444444444444,0.8444444444444444,0.8722222222222222,0.8722222222222222,0.8611111111111112,0.8611111111111112,0,0
72,LSEJ_000465,no_strict_e1_improvement,72,72,1,0.27493439614772797,0.051009174436330795,0.0,0.012907525524497032,0.012907525524497032,0.3388510961085558,0,,,,,1,0,1,1,1,1,1,4,0,0,-1,current,0,0.38008285446299445,0.38008285446299445,171,100,100,100,100,0,1,1,1,1,1.0,1.0,1.0,1.0,1.0,1.0,1.0,1.0,1.0,1.0,1.0,1.0,1.0,1.0,0,0
73,LSEJ_000468,max_rounds,73,73,1,0.2764992117881775,0.07206539995968342,0.0,0.023576295003294945,0.023576295003294945,0.37214090675115585,0,,,,,1,1,2,1,1,3,3,4,0,0,1,profiled_beam,1,0.5252218580908246,0.5219691107670467,152,98,98,98,100,2,0,0,0,1,0.98,0.98,0.98,1.0,0.9777777777777777,0.9777777777777777,1.0,0.9555555555555556,0.9555555555555556,1.0,0.9666666666666667,0.9666666666666667,0.9666666666666667,1.0,1,2
74,LSEJ_000476,no_strict_e1_improvement,74,74,1,0.26926506124436855,0.0707953441888094,0.0,0.019831592217087746,0.019831592217087746,0.3598919976502657,0,,,,,1,0,1,1,1,4,4,4,0,0,-1,current,0,0.5269291963014338,0.5269291963014338,147,98,98,98,98,0,0,0,0,0,0.98,0.98,0.98,0.98,0.9777777777777777,0.9777777777777777,0.9777777777777777,0.9666666666666667,0.9666666666666667,0.9666666666666667,0.9722222222222222,0.9722222222222222,0.9722222222222222,0.9722222222222222,0,0
75,LSEJ_000487,no_strict_e1_improvement,75,75,1,0.2731496263295412,0.050843073055148125,0.0,0.012425802648067474,0.012425802648067474,0.3364185020327568,0,,,,,1,0,1,1,1,1,1,4,0,0,-1,current,0,0.47382006868720056,0.47382006868720056,141,100,100,100,100,0,1,1,1,1,1.0,1.0,1.0,1.0,1.0,1.0,1.0,1.0,1.0,1.0,1.0,1.0,1.0,1.0,0,0
76,LSEJ_000492,max_rounds,76,76,1,0.2692359331995249,0.09713421203196049,0.0,0.02223268523812294,0.02223268523812294,0.3886028304696083,0,,,,,1,1,2,1,1,4,4,4,0,0,1,profiled_beam,1,0.45039618213971455,0.4472296102179421,155,86,86,88,89,3,0,0,0,0,0.86,0.86,0.88,0.89,0.9111111111111111,0.9222222222222223,0.9111111111111111,0.9111111111111111,0.9333333333333333,0.9444444444444444,0.9111111111111111,0.9111111111111111,0.9277777777777778,0.9277777777777778,1,1
77,LSEJ_000493,no_strict_e1_improvement,77,77,1,0.2695978805422783,0.05006059631705284,0.0,0.015384821221232414,0.015384821221232414,0.33504329808056355,0,,,,,1,0,1,1,1,2,2,4,0,0,-1,current,0,0.5823155069516764,0.5823155069516764,154,100,100,100,100,0,1,1,1,1,1.0,1.0,1.0,1.0,1.0,1.0,1.0,1.0,1.0,1.0,1.0,1.0,1.0,1.0,0,0
78,LSEJ_000500,no_strict_e1_improvement,78,78,1,0.2708587981760502,0.13977555371820927,0.0,0.09082427062094212,0.09082427062094212,0.5014586225152016,0,,,,,1,0,2,1,1,4,4,4,0,0,-1,current,0,0.6308339306049877,0.6308339306049877,114,68,68,68,68,0,0,0,0,0,0.68,0.68,0.68,0.68,0.7888888888888889,0.7888888888888889,0.7888888888888889,0.8222222222222222,0.8222222222222222,0.8222222222222222,0.8055555555555556,0.8055555555555556,0.8055555555555556,0.8055555555555556,0,0
79,LSEJ_000504,max_rounds,79,79,1,0.278595756739378,0.07005815021693707,0.0,0.020175432786345482,0.020175432786345482,0.3688293397426605,0,,,,,1,1,2,1,1,4,4,4,0,0,0,s1a3_greedy,1,0.5833024779955546,0.5740457720226712,143,96,96,100,100,4,0,0,1,1,0.96,0.96,1.0,1.0,0.9555555555555556,1.0,1.0,0.9777777777777777,1.0,1.0,0.9666666666666667,0.9666666666666667,1.0,1.0,0,0
80,LSEJ_000507,max_rounds,80,80,1,0.2754899878054857,0.07225113548338413,0.0,0.06816628761589527,0.06816628761589527,0.41590741090476513,0,,,,,1,1,2,1,1,4,4,4,0,0,0,s1a3_greedy,1,0.5684192409945859,0.5643822031716506,142,96,96,100,100,4,0,0,1,1,0.96,0.96,1.0,1.0,0.9777777777777777,1.0,1.0,0.9555555555555556,1.0,1.0,0.9666666666666667,0.9666666666666667,1.0,1.0,0,0
81,LSEJ_000517,max_rounds,81,81,1,0.27248639985919,0.15549906343221664,0.0,0.0586825180798769,0.0586825180798769,0.48666798137128353,0,,,,,1,1,2,1,1,3,3,4,0,0,1,profiled_beam,1,0.4800602485736211,0.4541318847901291,108,84,84,89,90,6,0,0,0,0,0.84,0.84,0.89,0.9,0.7888888888888889,0.8888888888888888,0.9,0.8333333333333334,0.8777777777777778,0.8666666666666667,0.8111111111111111,0.8111111111111111,0.8833333333333333,0.8833333333333333,1,1
82,LSEJ_000523,no_strict_e1_improvement,82,82,1,0.2751061115413904,0.07187367975711823,0.0,0.014032788574695587,0.014032788574695587,0.36101257987320423,0,,,,,1,0,1,1,1,1,1,4,0,0,-1,current,0,0.5482022177841929,0.5482022177841929,148,100,100,100,100,0,1,1,1,1,1.0,1.0,1.0,1.0,1.0,1.0,1.0,1.0,1.0,1.0,1.0,1.0,1.0,1.0,0,0
83,LSEJ_000531,max_rounds,83,83,1,0.27304413355886936,0.08792852610349655,0.0,0.03183877840638161,0.03183877840638161,0.3928114380687475,0,,,,,1,1,2,1,1,4,4,4,0,0,1,profiled_beam,1,0.5139792554908329,0.5132653053436015,129,84,84,84,82,-2,0,0,0,0,0.84,0.84,0.84,0.82,0.9333333333333333,0.9333333333333333,0.9111111111111111,0.9,0.9,0.8777777777777778,0.9166666666666666,0.9166666666666666,0.9166666666666666,0.8944444444444445,1,-2
84,LSEJ_000532,no_strict_e1_improvement,84,84,1,0.2740508373826742,0.05124228447675705,0.0,0.013069633394479752,0.013069633394479752,0.338362755253911,0,,,,,1,0,1,1,1,1,1,4,0,0,-1,current,0,0.4663006614479754,0.4663006614479754,177,100,100,100,100,0,1,1,1,1,1.0,1.0,1.0,1.0,1.0,1.0,1.0,1.0,1.0,1.0,1.0,1.0,1.0,1.0,0,0
85,LSEJ_000534,max_rounds,85,85,1,0.2779817432165146,0.10584374144673347,0.0,0.20284312777221203,0.20284312777221203,0.5866686124354601,0,,,,,1,1,3,2,2,7,7,4,0,0,1,profiled_beam,1,0.5396002275248368,0.5233576359848181,121,88,88,87,92,4,0,0,0,0,0.88,0.88,0.87,0.92,0.8333333333333334,0.8444444444444444,0.9111111111111111,0.8888888888888888,0.9111111111111111,0.9666666666666667,0.8611111111111112,0.8611111111111112,0.8777777777777778,0.9388888888888889,1,5
86,LSEJ_000542,no_strict_e1_improvement,86,86,1,0.27424556761980057,0.0727135892957449,0.0,0.01262165978550911,0.01262165978550911,0.3595808167010546,0,,,,,1,0,1,1,1,1,1,4,0,0,-1,current,0,0.5172322277393606,0.5172322277393606,149,100,100,100,100,0,1,1,1,1,1.0,1.0,1.0,1.0,1.0,1.0,1.0,1.0,1.0,1.0,1.0,1.0,1.0,1.0,0,0
87,LSEJ_000552,no_strict_e1_improvement,87,87,1,0.27271871641278267,0.049640098586678505,0.0,0.012400941923260689,0.012400941923260689,0.33475975692272186,0,,,,,1,0,1,1,1,1,1,4,0,0,-1,current,0,0.4894735547403494,0.4894735547403494,154,100,100,100,100,0,1,1,1,1,1.0,1.0,1.0,1.0,1.0,1.0,1.0,1.0,1.0,1.0,1.0,1.0,1.0,1.0,0,0
88,LSEJ_000564,no_strict_e1_improvement,88,88,1,0.27487778663635254,0.13660624623298645,0.0,0.016310345381498337,0.016310345381498337,0.4277943782508373,0,,,,,1,0,1,1,1,2,2,4,0,0,-1,current,0,0.6117235975133049,0.6117235975133049,125,98,98,98,98,0,0,0,0,0,0.98,0.98,0.98,0.98,0.9666666666666667,0.9666666666666667,0.9666666666666667,0.9555555555555556,0.9555555555555556,0.9555555555555556,0.9611111111111111,0.9611111111111111,0.9611111111111111,0.9611111111111111,0,0
89,LSEJ_000573,max_rounds,89,89,1,0.28053360991179943,0.07767282426357269,0.0,0.0343859177082777,0.0343859177082777,0.3925923518836498,0,,,,,1,1,2,1,1,4,4,4,0,0,0,s1a3_greedy,1,0.6477156163089806,0.6115272461540169,151,84,84,100,100,16,0,0,1,1,0.84,0.84,1.0,1.0,0.9111111111111111,1.0,1.0,0.9222222222222223,1.0,1.0,0.9166666666666666,0.9166666666666666,1.0,1.0,0,0
90,LSEJ_000577,no_strict_e1_improvement,90,90,1,0.2698570713400841,0.07438447512686253,0.0,0.019424110651016235,0.019424110651016235,0.36366565711796284,0,,,,,1,0,1,1,1,4,4,4,0,0,-1,current,0,0.5983201854758793,0.5983201854758793,142,100,100,100,100,0,1,1,1,1,1.0,1.0,1.0,1.0,1.0,1.0,1.0,1.0,1.0,1.0,1.0,1.0,1.0,1.0,0,0
91,LSEJ_000583,no_strict_e1_improvement,91,91,1,0.2706846557557583,0.050196483731269836,0.0,0.01472264900803566,0.01472264900803566,0.3356037884950638,0,,,,,1,0,1,1,1,2,2,4,0,0,-1,current,0,0.520953508797619,0.520953508797619,136,100,100,100,100,0,1,1,1,1,1.0,1.0,1.0,1.0,1.0,1.0,1.0,1.0,1.0,1.0,1.0,1.0,1.0,1.0,0,0
92,LSEJ_000584,no_strict_e1_improvement,92,92,1,0.2798832915723324,0.0723215751349926,0.0,0.014947617426514626,0.014947617426514626,0.3671524841338396,0,,,,,1,0,1,1,1,2,2,4,0,0,-1,current,0,0.562519273824162,0.562519273824162,157,100,100,100,100,0,1,1,1,1,1.0,1.0,1.0,1.0,1.0,1.0,1.0,1.0,1.0,1.0,1.0,1.0,1.0,1.0,0,0
93,LSEJ_000590,no_strict_e1_improvement,93,93,1,0.274711936712265,0.051408231258392334,0.0,0.012822937220335007,0.012822937220335007,0.33894310519099236,0,,,,,1,0,1,1,1,1,1,4,0,0,-1,current,0,0.4786227698127429,0.4786227698127429,163,100,100,100,100,0,1,1,1,1,1.0,1.0,1.0,1.0,1.0,1.0,1.0,1.0,1.0,1.0,1.0,1.0,1.0,1.0,0,0
94,LSEJ_000598,no_strict_e1_improvement,94,94,1,0.2735615912824869,0.05103876627981663,0.0,0.012783940881490707,0.012783940881490707,0.33738429844379425,0,,,,,1,0,1,1,1,1,1,4,0,0,-1,current,0,0.530382480720679,0.530382480720679,160,100,100,100,100,0,1,1,1,1,1.0,1.0,1.0,1.0,1.0,1.0,1.0,1.0,1.0,1.0,1.0,1.0,1.0,1.0,0,0
95,LSEJ_000602,max_rounds,95,95,1,0.2671954892575741,0.1091499924659729,0.0,0.06081024929881096,0.06081024929881096,0.43715573102235794,0,,,,,1,1,2,1,1,4,4,4,0,0,1,profiled_beam,1,0.5061762308908834,0.5023644198146131,129,97,97,97,100,3,0,0,0,1,0.97,0.97,0.97,1.0,0.9777777777777777,0.9777777777777777,1.0,0.9666666666666667,0.9666666666666667,1.0,0.9722222222222222,0.9722222222222222,0.9722222222222222,1.0,1,3
96,LSEJ_000614,no_strict_e1_improvement,96,96,1,0.2813063431531191,0.05192592367529869,0.0,0.012675896286964417,0.012675896286964417,0.3459081631153822,0,,,,,1,0,1,1,1,1,1,4,0,0,-1,current,0,0.5263635236355994,0.5263635236355994,160,100,100,100,100,0,1,1,1,1,1.0,1.0,1.0,1.0,1.0,1.0,1.0,1.0,1.0,1.0,1.0,1.0,1.0,1.0,0,0
97,LSEJ_000615,no_strict_e1_improvement,97,97,1,0.2759884335100651,0.0505845881998539,0.0,0.0128034558147192,0.0128034558147192,0.3393764775246382,0,,,,,1,0,1,1,1,1,1,4,0,0,-1,current,0,0.39034110150403445,0.39034110150403445,169,100,100,100,100,0,1,1,1,1,1.0,1.0,1.0,1.0,1.0,1.0,1.0,1.0,1.0,1.0,1.0,1.0,1.0,1.0,0,0
98,LSEJ_000625,max_rounds,98,98,1,0.27392916940152645,0.14882823824882507,0.0,32.16163364239037,32.16163364239037,32.58439105004072,0,,,,,1,1,57,56,56,224,224,4,1,-6,1,profiled_beam,1,0.5200695262187057,0.5187057393292586,50,45,45,45,1,-44,0,0,0,0,0.45,0.45,0.45,0.01,0.4222222222222222,0.4222222222222222,0.3111111111111111,0.4666666666666667,0.4666666666666667,0.32222222222222224,0.4444444444444444,0.4444444444444444,0.4444444444444444,0.31666666666666665,1,-44
99,LSEJ_000638,max_rounds,99,99,1,0.28722729720175266,0.1670517474412918,0.0,0.6389931011945009,0.6389931011945009,1.0932721458375454,0,,,,,1,1,3,2,2,8,8,4,0,0,0,s1a3_greedy,1,0.5583297953009605,0.525668470064799,80,54,54,69,69,15,0,0,0,0,0.54,0.54,0.69,0.69,0.5555555555555556,0.7111111111111111,0.7111111111111111,0.4666666666666667,0.6777777777777778,0.6777777777777778,0.5111111111111111,0.5111111111111111,0.6944444444444444,0.6944444444444444,0,0
100,LSEJ_000640,max_rounds,100,100,1,0.2733591552823782,0.14661306515336037,0.0,1.3072348721325397,1.3072348721325397,1.7272070925682783,0,,,,,1,1,9,8,8,32,32,4,0,0,1,profiled_beam,1,0.6501678981714778,0.6247723999950621,97,71,71,71,88,17,0,0,0,0,0.71,0.71,0.71,0.88,0.8777777777777778,0.8777777777777778,0.8888888888888888,0.7666666666666667,0.7666666666666667,0.8777777777777778,0.8222222222222222,0.8222222222222222,0.8222222222222222,0.8833333333333333,1,17
101,LSEJ_000644,max_rounds,101,101,1,0.26722512766718864,0.050526129081845284,0.0,0.02414739690721035,0.02414739690721035,0.3418986536562443,0,,,,,1,1,2,1,1,4,4,4,0,0,0,s1a3_greedy,1,0.5982467605008019,0.5855086402760612,149,94,94,100,100,6,0,0,1,1,0.94,0.94,1.0,1.0,0.9777777777777777,1.0,1.0,0.9333333333333333,1.0,1.0,0.9555555555555556,0.9555555555555556,1.0,1.0,0,0
102,LSEJ_000649,no_strict_e1_improvement,102,102,1,0.3058788441121578,0.05045218952000141,0.0,0.02116214670240879,0.02116214670240879,0.377493180334568,0,,,,,1,0,1,1,1,4,4,4,0,0,-1,current,0,0.5755786733494864,0.5755786733494864,159,100,100,100,100,0,1,1,1,1,1.0,1.0,1.0,1.0,1.0,1.0,1.0,1.0,1.0,1.0,1.0,1.0,1.0,1.0,0,0
103,LSEJ_000651,no_strict_e1_improvement,103,103,1,0.2674945294857025,0.052115509286522865,0.0,0.024452753365039825,0.024452753365039825,0.3440627921372652,0,,,,,1,0,1,1,1,4,4,4,0,0,-1,current,0,0.6111880340509944,0.6111880340509944,150,100,100,100,100,0,1,1,1,1,1.0,1.0,1.0,1.0,1.0,1.0,1.0,1.0,1.0,1.0,1.0,1.0,1.0,1.0,0,0
104,LSEJ_000664,max_rounds,104,104,1,0.2787188608199358,0.07080045901238918,0.0,0.022757507860660553,0.022757507860660553,0.37227682769298553,0,,,,,1,1,2,1,1,3,3,4,0,0,1,profiled_beam,1,0.5882521556483374,0.5739615811241998,153,94,94,96,100,6,0,0,0,1,0.94,0.94,0.96,1.0,0.9333333333333333,0.9555555555555556,1.0,0.9666666666666667,0.9555555555555556,1.0,0.95,0.95,0.9555555555555556,1.0,1,4
105,LSEJ_000675,no_strict_e1_improvement,105,105,1,0.27389753609895706,0.07404746115207672,0.0,0.019468925893306732,0.019468925893306732,0.3674139231443405,0,,,,,1,0,1,1,1,3,3,4,0,0,-1,current,0,0.5846250205404229,0.5846250205404229,154,100,100,100,100,0,1,1,1,1,1.0,1.0,1.0,1.0,1.0,1.0,1.0,1.0,1.0,1.0,1.0,1.0,1.0,1.0,0,0
106,LSEJ_000678,max_rounds,106,106,1,0.2770484872162342,0.12144391052424908,0.0,0.3224900010973215,0.3224900010973215,0.7209823988378048,0,,,,,1,1,5,4,4,15,15,4,3,0,1,profiled_beam,1,0.636342187391387,0.6277812989221678,118,0,0,0,82,82,0,0,0,0,0.0,0.0,0.0,0.82,0.8777777777777778,0.8777777777777778,0.8555555555555555,0.7444444444444445,0.7444444444444445,0.7666666666666667,0.8111111111111111,0.8111111111111111,0.8111111111111111,0.8111111111111111,1,82
107,LSEJ_000688,no_strict_e1_improvement,107,107,1,0.2758429776877165,0.05155453830957413,0.0,0.039768338203430176,0.039768338203430176,0.3671658542007208,0,,,,,1,0,2,1,1,4,4,4,0,0,-1,current,0,0.5873322344488567,0.5873322344488567,135,100,100,100,100,0,1,1,1,1,1.0,1.0,1.0,1.0,1.0,1.0,1.0,1.0,1.0,1.0,1.0,1.0,1.0,1.0,0,0
108,LSEJ_000694,no_strict_e1_improvement,108,108,1,0.28037287294864655,0.09142028726637363,0.0,0.017534004524350166,0.017534004524350166,0.38932716473937035,0,,,,,1,0,1,1,1,2,2,4,0,0,-1,current,0,0.588681950337357,0.588681950337357,135,100,100,100,100,0,1,1,1,1,1.0,1.0,1.0,1.0,1.0,1.0,1.0,1.0,1.0,1.0,1.0,1.0,1.0,1.0,0,0
109,LSEJ_000695,no_strict_e1_improvement,109,109,1,0.27236891724169254,0.07186830788850784,0.0,0.01516796462237835,0.01516796462237835,0.35940518975257874,0,,,,,1,0,1,1,1,2,2,4,0,0,-1,current,0,0.5332120082444615,0.5332120082444615,158,100,100,100,100,0,1,1,1,1,1.0,1.0,1.0,1.0,1.0,1.0,1.0,1.0,1.0,1.0,1.0,1.0,1.0,1.0,0,0
110,LSEJ_000703,no_strict_e1_improvement,110,110,1,0.27449867129325867,0.05112264305353165,0.0,0.012973632663488388,0.012973632663488388,0.3385949470102787,0,,,,,1,0,1,1,1,1,1,4,0,0,-1,current,0,0.4635491066508823,0.4635491066508823,167,100,100,100,100,0,1,1,1,1,1.0,1.0,1.0,1.0,1.0,1.0,1.0,1.0,1.0,1.0,1.0,1.0,1.0,1.0,0,0
111,LSEJ_000705,no_strict_e1_improvement,111,111,1,0.27040595933794975,0.05082393251359463,0.0,0.01303146407008171,0.01303146407008171,0.3342613559216261,0,,,,,1,0,1,1,1,1,1,4,0,0,-1,current,0,0.4096390143036842,0.4096390143036842,166,100,100,100,100,0,1,1,1,1,1.0,1.0,1.0,1.0,1.0,1.0,1.0,1.0,1.0,1.0,1.0,1.0,1.0,1.0,0,0
112,LSEJ_000714,max_rounds,112,112,1,0.2853913903236389,0.05286611616611481,0.0,0.022805603221058846,0.022805603221058846,0.36106310971081257,0,,,,,1,1,2,1,1,4,4,4,0,0,0,s1a3_greedy,1,0.48030214715335107,0.4645186487999227,156,95,95,100,100,5,0,0,1,1,0.95,0.95,1.0,1.0,0.9777777777777777,1.0,1.0,0.9444444444444444,1.0,1.0,0.9611111111111111,0.9611111111111111,1.0,1.0,0,0
113,LSEJ_000720,max_rounds,113,113,1,0.27984898909926414,0.1764215286821127,0.0,15.917048774659634,15.917048774659634,16.37331929244101,0,,,,,1,1,37,36,36,141,141,4,-2,0,1,profiled_beam,1,0.7088651903801494,0.5989276422394647,75,1,1,2,1,0,0,0,0,0,0.01,0.01,0.02,0.01,0.36666666666666664,0.5,0.6666666666666666,0.36666666666666664,0.4888888888888889,0.6333333333333333,0.36666666666666664,0.36666666666666664,0.49444444444444446,0.65,1,-1
114,LSEJ_000721,no_strict_e1_improvement,114,114,1,0.29029260016977787,0.05145607516169548,0.0,0.015384254977107048,0.015384254977107048,0.3571329303085804,0,,,,,1,0,1,1,1,2,2,4,0,0,-1,current,0,0.6035627906521162,0.6035627906521162,158,100,100,100,100,0,1,1,1,1,1.0,1.0,1.0,1.0,1.0,1.0,1.0,1.0,1.0,1.0,1.0,1.0,1.0,1.0,0,0
115,LSEJ_000735,no_strict_e1_improvement,115,115,1,0.2777822520583868,0.050437141209840775,0.0,0.012597773224115372,0.012597773224115372,0.34081716649234295,0,,,,,1,0,1,1,1,1,1,4,0,0,-1,current,0,0.5349912451373207,0.5349912451373207,158,100,100,100,100,0,1,1,1,1,1.0,1.0,1.0,1.0,1.0,1.0,1.0,1.0,1.0,1.0,1.0,1.0,1.0,1.0,0,0
116,LSEJ_000737,max_rounds,116,116,1,0.2740232739597559,0.0855588000267744,0.0,0.0361747145652771,0.0361747145652771,0.3957567885518074,0,,,,,1,1,2,1,1,4,4,4,0,0,0,s1a3_greedy,1,0.5399567984872394,0.5324151085482703,131,98,98,100,100,2,0,0,1,1,0.98,0.98,1.0,1.0,0.9777777777777777,1.0,1.0,0.9666666666666667,1.0,1.0,0.9722222222222222,0.9722222222222222,1.0,1.0,0,0
117,LSEJ_000746,no_strict_e1_improvement,117,117,1,0.2728598117828369,0.05043559521436691,0.0,0.012819675728678703,0.012819675728678703,0.33611508272588253,0,,,,,1,0,1,1,1,1,1,4,0,0,-1,current,0,0.6221180137660768,0.6221180137660768,161,100,100,100,100,0,1,1,1,1,1.0,1.0,1.0,1.0,1.0,1.0,1.0,1.0,1.0,1.0,1.0,1.0,1.0,1.0,0,0
118,LSEJ_000749,no_strict_e1_improvement,118,118,1,0.27749008499085903,0.07241087406873703,0.0,0.02301468700170517,0.02301468700170517,0.37291564606130123,0,,,,,1,0,1,1,1,2,2,4,0,0,-1,current,0,0.5656578446427981,0.5656578446427981,151,100,100,100,100,0,1,1,1,1,1.0,1.0,1.0,1.0,1.0,1.0,1.0,1.0,1.0,1.0,1.0,1.0,1.0,1.0,0,0
119,LSEJ_000752,no_strict_e1_improvement,119,119,1,0.2774125915020704,0.07362323440611362,0.0,0.01936928927898407,0.01936928927898407,0.3704051151871681,0,,,,,1,0,1,1,1,3,3,4,0,0,-1,current,0,0.5660810364617241,0.5660810364617241,155,100,100,100,100,0,1,1,1,1,1.0,1.0,1.0,1.0,1.0,1.0,1.0,1.0,1.0,1.0,1.0,1.0,1.0,1.0,0,0
120,LSEJ_000755,no_strict_e1_improvement,120,120,1,0.26977475360035896,0.05061795562505722,0.0,0.012885194271802902,0.012885194271802902,0.3332779034972191,0,,,,,1,0,1,1,1,1,1,4,0,0,-1,current,0,0.4844111565914419,0.4844111565914419,167,100,100,100,100,0,1,1,1,1,1.0,1.0,1.0,1.0,1.0,1.0,1.0,1.0,1.0,1.0,1.0,1.0,1.0,1.0,0,0
121,LSEJ_000761,no_strict_e1_improvement,121,121,1,0.27853391133248806,0.09281508438289165,0.0,0.020411906763911247,0.020411906763911247,0.39176090247929096,0,,,,,1,0,1,1,1,2,2,4,0,0,-1,current,0,0.6328267864882946,0.6328267864882946,144,100,100,100,100,0,1,1,1,1,1.0,1.0,1.0,1.0,1.0,1.0,1.0,1.0,1.0,1.0,1.0,1.0,1.0,1.0,0,0
122,LSEJ_000770,max_rounds,122,122,1,0.2792357597500086,0.09157172776758671,0.0,0.027530981227755547,0.027530981227755547,0.39833846874535084,0,,,,,1,1,2,1,1,3,3,4,0,0,1,profiled_beam,1,0.5064752048916287,0.5026424008939001,138,95,95,95,100,5,0,0,0,1,0.95,0.95,0.95,1.0,0.9444444444444444,0.9444444444444444,1.0,0.9444444444444444,0.9444444444444444,1.0,0.9444444444444444,0.9444444444444444,0.9444444444444444,1.0,1,5
123,LSEJ_000778,no_strict_e1_improvement,123,123,1,0.2789364214986563,0.07145357131958008,0.0,0.01655222661793232,0.01655222661793232,0.36694221943616867,0,,,,,1,0,1,1,1,2,2,4,0,0,-1,current,0,0.5509874111248387,0.5509874111248387,150,100,100,100,100,0,1,1,1,1,1.0,1.0,1.0,1.0,1.0,1.0,1.0,1.0,1.0,1.0,1.0,1.0,1.0,1.0,0,0
124,LSEJ_000795,max_rounds,124,124,1,0.27891045808792114,0.07130092009902,0.0,0.02148416079580784,0.02148416079580784,0.371695538982749,0,,,,,1,1,2,1,1,4,4,4,0,0,0,s1a3_greedy,1,0.5266438549591436,0.5124779240124755,153,95,95,98,98,3,0,0,0,0,0.95,0.95,0.98,0.98,0.9555555555555556,0.9777777777777777,0.9777777777777777,0.9111111111111111,0.9777777777777777,0.9777777777777777,0.9333333333333333,0.9333333333333333,0.9777777777777777,0.9777777777777777,0,0
125,LSEJ_000798,max_rounds,125,125,1,0.27532495744526386,0.18146620877087116,0.0,0.9859528988599777,0.9859528988599777,1.4427440650761127,0,,,,,1,1,4,3,3,12,12,4,0,0,1,profiled_beam,1,0.5887125646074612,0.580515661670102,87,72,72,66,65,-7,0,0,0,0,0.72,0.72,0.66,0.65,0.7333333333333333,0.6888888888888889,0.6222222222222222,0.6111111111111112,0.6111111111111112,0.6222222222222222,0.6722222222222223,0.6722222222222223,0.65,0.6222222222222222,1,-1
126,LSEJ_000804,max_rounds,126,126,1,0.2687461916357279,0.0662478506565094,0.0,0.01712895557284355,0.01712895557284355,0.35212299786508083,0,,,,,1,1,2,1,1,1,1,4,0,0,0,s1a3_greedy,1,0.5905154565142261,0.576252775804864,150,95,95,100,100,5,0,0,1,1,0.95,0.95,1.0,1.0,0.9777777777777777,1.0,1.0,0.8888888888888888,1.0,1.0,0.9333333333333333,0.9333333333333333,1.0,1.0,0,0
127,LSEJ_000806,no_strict_e1_improvement,127,127,1,0.2795226164162159,0.050696784630417824,0.0,0.012932490557432175,0.012932490557432175,0.3431518916040659,0,,,,,1,0,1,1,1,1,1,4,0,0,-1,current,0,0.4889779694378376,0.4889779694378376,161,100,100,100,100,0,1,1,1,1,1.0,1.0,1.0,1.0,1.0,1.0,1.0,1.0,1.0,1.0,1.0,1.0,1.0,1.0,0,0
128,LSEJ_000810,no_strict_e1_improvement,128,128,1,0.2788843959569931,0.05005381070077419,0.0,0.01573752425611019,0.01573752425611019,0.3446757309138775,0,,,,,1,0,1,1,1,2,2,4,0,0,-1,current,0,0.39922544178035524,0.39922544178035524,156,100,100,100,100,0,1,1,1,1,1.0,1.0,1.0,1.0,1.0,1.0,1.0,1.0,1.0,1.0,1.0,1.0,1.0,1.0,0,0
129,LSEJ_000818,max_rounds,129,129,1,0.27948412857949734,0.18214213848114014,0.0,49.568059124052525,49.568059124052525,50.02968539111316,0,,,,,1,1,82,81,81,322,322,4,5,6,1,profiled_beam,1,0.7757376882765028,0.5727161619398329,70,1,1,0,15,14,0,0,0,0,0.01,0.01,0.0,0.15,0.4,0.6555555555555556,0.8,0.25555555555555554,0.34444444444444444,0.6444444444444445,0.3277777777777778,0.3277777777777778,0.5,0.7222222222222222,1,15
130,LSEJ_000819,max_rounds,130,130,1,0.2906023897230625,0.13921532779932022,0.0,5.611560568213463,5.611560568213463,6.041378285735846,0,,,,,1,1,21,20,20,80,80,4,0,0,1,profiled_beam,1,0.6176011605395211,0.5612361785438326,90,57,57,76,73,16,0,0,0,0,0.57,0.57,0.76,0.73,0.6888888888888889,0.7777777777777778,0.7555555555555555,0.6,0.7,0.7777777777777778,0.6444444444444445,0.6444444444444445,0.7388888888888889,0.7666666666666667,1,-3
131,LSEJ_000823,no_strict_e1_improvement,131,131,1,0.2784198075532913,0.07021504081785679,0.0,0.02255292795598507,0.02255292795598507,0.3711877763271332,0,,,,,1,0,1,1,1,4,4,4,0,0,-1,current,0,0.5778224559293853,0.5778224559293853,132,98,98,98,98,0,0,0,0,0,0.98,0.98,0.98,0.98,0.9666666666666667,0.9666666666666667,0.9666666666666667,0.9777777777777777,0.9777777777777777,0.9777777777777777,0.9722222222222222,0.9722222222222222,0.9722222222222222,0.9722222222222222,0,0
132,LSEJ_000828,no_strict_e1_improvement,132,132,1,0.272794870659709,0.12576059997081757,0.0,0.08262748830020428,0.08262748830020428,0.4811829589307308,0,,,,,1,0,2,1,1,4,4,4,0,0,-1,current,0,0.49360825055175356,0.49360825055175356,126,100,100,100,100,0,1,1,1,1,1.0,1.0,1.0,1.0,1.0,1.0,1.0,1.0,1.0,1.0,1.0,1.0,1.0,1.0,0,0
133,LSEJ_000840,no_strict_e1_improvement,133,133,1,0.28007084131240845,0.07234834879636765,0.0,0.02933107502758503,0.02933107502758503,0.3817502651363611,0,,,,,1,0,1,1,1,4,4,4,0,0,-1,current,0,0.5612633246514532,0.5612633246514532,146,100,100,100,100,0,1,1,1,1,1.0,1.0,1.0,1.0,1.0,1.0,1.0,1.0,1.0,1.0,1.0,1.0,1.0,1.0,0,0
134,LSEJ_000844,no_strict_e1_improvement,134,134,1,0.27739013358950615,0.0682026706635952,0.0,0.39393029920756817,0.39393029920756817,0.7395231034606695,0,,,,,1,0,4,4,4,16,16,4,0,0,-1,current,0,0.5512559642394383,0.5512559642394383,126,100,100,100,100,0,1,1,1,1,1.0,1.0,1.0,1.0,1.0,1.0,1.0,1.0,1.0,1.0,1.0,1.0,1.0,1.0,0,0
135,LSEJ_000845,max_rounds,135,135,1,0.2692025788128376,0.1481720544397831,0.0,0.05776313692331314,0.05776313692331314,0.47513777017593384,0,,,,,1,1,2,1,1,4,4,4,0,0,1,profiled_beam,1,0.6278807217876117,0.5843512309922112,112,85,85,96,100,15,0,0,0,1,0.85,0.85,0.96,1.0,0.8444444444444444,0.9777777777777777,1.0,0.8333333333333334,0.9555555555555556,1.0,0.8388888888888889,0.8388888888888889,0.9666666666666667,1.0,1,4
136,LSEJ_000859,max_rounds,136,136,1,0.2700664661824703,0.1492118313908577,0.0,5.273209800943732,5.273209800943732,5.69248809851706,0,,,,,1,1,19,18,18,72,72,4,0,0,0,s1a3_greedy,1,0.5650029677483771,0.5555240435732736,102,0,0,0,0,0,0,0,0,0,0.0,0.0,0.0,0.0,0.8666666666666667,0.9,0.9,0.6888888888888889,0.6777777777777778,0.6777777777777778,0.7777777777777778,0.7777777777777778,0.7888888888888889,0.7888888888888889,0,0
137,LSEJ_000861,max_rounds,137,137,1,0.2705761268734932,0.1458580233156681,0.0,0.30628183484077454,0.30628183484077454,0.7227159850299358,0,,,,,1,1,4,3,3,12,12,4,-1,0,1,profiled_beam,1,0.6270869049761031,0.5636126688785024,123,0,0,66,97,97,0,0,0,0,0.0,0.0,0.66,0.97,0.8222222222222222,0.7777777777777778,0.9777777777777777,0.7777777777777778,0.7,0.9333333333333333,0.8,0.8,0.7388888888888889,0.9555555555555556,1,31
138,LSEJ_000865,max_rounds,138,138,1,0.27548880502581596,0.14878124184906483,0.0,12.710885226726532,12.710885226726532,13.135155273601413,0,,,,,1,1,31,30,30,120,120,4,0,0,1,profiled_beam,1,0.6505933225154876,0.5989032354619768,95,73,73,58,73,0,0,0,0,0,0.73,0.73,0.58,0.73,0.7666666666666667,0.7444444444444445,0.8444444444444444,0.7444444444444445,0.7,0.8444444444444444,0.7555555555555555,0.7555555555555555,0.7222222222222222,0.8444444444444444,1,15
139,LSEJ_000875,max_rounds,139,139,1,0.27455687522888184,0.14948468282818794,0.0,0.09081711620092392,0.09081711620092392,0.5148586742579937,0,,,,,1,1,3,2,2,8,8,4,0,0,0,s1a3_greedy,1,0.5712849316497643,0.5390490012864272,131,75,75,84,84,9,0,0,0,0,0.75,0.75,0.84,0.84,0.8333333333333334,0.8555555555555555,0.8555555555555555,0.7333333333333333,0.8111111111111111,0.8111111111111111,0.7833333333333333,0.7833333333333333,0.8333333333333334,0.8333333333333334,0,0
140,LSEJ_000884,no_strict_e1_improvement,140,140,1,0.2689595054835081,0.08796563185751438,0.0,0.07649738900363445,0.07649738900363445,0.43342252634465694,0,,,,,1,0,1,1,1,3,3,4,0,0,-1,current,0,0.5760036100943883,0.5760036100943883,128,100,100,100,100,0,1,1,1,1,1.0,1.0,1.0,1.0,1.0,1.0,1.0,1.0,1.0,1.0,1.0,1.0,1.0,1.0,0,0
141,LSEJ_000886,no_strict_e1_improvement,141,141,1,0.28021517768502235,0.05019951984286308,0.0,0.01511363871395588,0.01511363871395588,0.3455283362418413,0,,,,,1,0,1,1,1,2,2,4,0,0,-1,current,0,0.48987120961149533,0.48987120961149533,155,100,100,100,100,0,1,1,1,1,1.0,1.0,1.0,1.0,1.0,1.0,1.0,1.0,1.0,1.0,1.0,1.0,1.0,1.0,0,0
142,LSEJ_000895,max_rounds,142,142,1,0.2749431896954775,0.11005862802267075,0.0,1.1269603744149208,1.1269603744149208,1.511962192133069,0,,,,,1,1,7,6,6,24,24,4,0,0,1,profiled_beam,1,0.5998262955082787,0.5903804338640637,117,97,97,97,100,3,0,0,0,1,0.97,0.97,0.97,1.0,0.9777777777777777,0.9777777777777777,1.0,0.9333333333333333,0.9333333333333333,1.0,0.9555555555555556,0.9555555555555556,0.9555555555555556,1.0,1,3
143,LSEJ_000898,no_strict_e1_improvement,143,143,1,0.27261102572083473,0.09068852290511131,0.0,0.019135259091854095,0.019135259091854095,0.38243480771780014,0,,,,,1,0,1,1,1,2,2,4,0,0,-1,current,0,0.6008846291237407,0.6008846291237407,116,98,98,98,98,0,0,0,0,0,0.98,0.98,0.98,0.98,0.9555555555555556,0.9555555555555556,0.9555555555555556,0.9666666666666667,0.9666666666666667,0.9666666666666667,0.9611111111111111,0.9611111111111111,0.9611111111111111,0.9611111111111111,0,0
144,LSEJ_000908,max_rounds,144,144,1,0.2740052565932274,0.09543818421661854,0.0,0.017046278342604637,0.017046278342604637,0.38648971915245056,0,,,,,1,1,2,1,1,2,2,4,0,0,0,s1a3_greedy,1,0.5777891059716542,0.5716752540734079,157,97,97,100,100,3,0,0,1,1,0.97,0.97,1.0,1.0,0.9666666666666667,1.0,1.0,0.9555555555555556,1.0,1.0,0.9611111111111111,0.9611111111111111,1.0,1.0,0,0
145,LSEJ_000913,no_strict_e1_improvement,145,145,1,0.28790091909468174,0.09022598527371883,0.0,0.015298264101147652,0.015298264101147652,0.3934251684695482,0,,,,,1,0,1,1,1,2,2,4,0,0,-1,current,0,0.45702190255332326,0.45702190255332326,144,98,98,98,98,0,0,0,0,0,0.98,0.98,0.98,0.98,0.9555555555555556,0.9555555555555556,0.9555555555555556,0.9555555555555556,0.9555555555555556,0.9555555555555556,0.9555555555555556,0.9555555555555556,0.9555555555555556,0.9555555555555556,0,0
146,LSEJ_000914,max_rounds,146,146,1,0.27649889327585697,0.11575065553188324,0.0,0.5503273233771324,0.5503273233771324,0.9425768721848726,0,,,,,1,1,5,4,4,16,16,4,0,0,1,profiled_beam,1,0.6856713447305891,0.6662133898999956,115,91,91,91,100,9,0,0,0,1,0.91,0.91,0.91,1.0,0.8888888888888888,0.9222222222222223,1.0,0.8777777777777778,0.9,1.0,0.8833333333333333,0.8833333333333333,0.9111111111111111,1.0,1,9
147,LSEJ_000922,no_strict_e1_improvement,147,147,1,0.2702877800911665,0.07277487404644489,0.0,0.012711221352219582,0.012711221352219582,0.35577387548983097,0,,,,,1,0,1,1,1,1,1,4,0,0,-1,current,0,0.524538090493944,0.524538090493944,158,100,100,100,100,0,1,1,1,1,1.0,1.0,1.0,1.0,1.0,1.0,1.0,1.0,1.0,1.0,1.0,1.0,1.0,1.0,0,0
148,LSEJ_000924,no_strict_e1_improvement,148,148,1,0.2708534151315689,0.05042576976120472,0.0,0.014987451955676079,0.014987451955676079,0.3362666368484497,0,,,,,1,0,1,1,1,2,2,4,0,0,-1,current,0,0.40416961659987766,0.40416961659987766,153,100,100,100,100,0,1,1,1,1,1.0,1.0,1.0,1.0,1.0,1.0,1.0,1.0,1.0,1.0,1.0,1.0,1.0,1.0,0,0
149,LSEJ_000942,max_rounds,149,149,1,0.27534719556570053,0.0718779917806387,0.0,0.015637464821338654,0.015637464821338654,0.3628626521676779,0,,,,,1,1,2,1,1,2,2,4,0,0,0,s1a3_greedy,1,0.4253373266508182,0.4251157631062799,155,96,96,98,98,2,0,0,0,0,0.96,0.96,0.98,0.98,0.9555555555555556,0.9777777777777777,0.9777777777777777,0.9777777777777777,0.9555555555555556,0.9555555555555556,0.9666666666666667,0.9666666666666667,0.9666666666666667,0.9666666666666667,0,0
150,LSEJ_000951,no_strict_e1_improvement,150,150,1,0.27322071604430676,0.06561663933098316,0.0,0.019624652341008186,0.019624652341008186,0.3584620077162981,0,,,,,1,0,1,1,1,4,4,4,0,0,-1,current,0,0.44838398087142395,0.44838398087142395,159,96,96,96,96,0,0,0,0,0,0.96,0.96,0.96,0.96,0.9333333333333333,0.9333333333333333,0.9333333333333333,0.9333333333333333,0.9333333333333333,0.9333333333333333,0.9333333333333333,0.9333333333333333,0.9333333333333333,0.9333333333333333,0,0
151,LSEJ_000960,max_rounds,151,151,1,0.3012182544916868,0.10979091189801693,0.0,0.21552530117332935,0.21552530117332935,0.6265344675630331,0,,,,,1,1,4,3,3,12,12,4,0,0,0,s1a3_greedy,1,0.38273770087172226,0.35847136744349783,111,76,76,77,77,1,0,0,0,0,0.76,0.76,0.77,0.77,0.6888888888888889,0.7444444444444445,0.7444444444444445,0.7222222222222222,0.7444444444444445,0.7444444444444445,0.7055555555555556,0.7055555555555556,0.7444444444444445,0.7444444444444445,0,0
152,LSEJ_000961,max_rounds,152,152,1,0.27576259709894657,0.11184341832995415,0.0,0.03273008018732071,0.03273008018732071,0.42033609561622143,0,,,,,1,1,2,1,1,4,4,4,0,0,1,profiled_beam,1,0.5249346021148894,0.46079722518722216,126,81,81,87,88,7,0,0,0,0,0.81,0.81,0.87,0.88,0.8777777777777778,0.9222222222222223,0.9333333333333333,0.8555555555555555,0.9,0.9111111111111111,0.8666666666666667,0.8666666666666667,0.9111111111111111,0.9222222222222223,1,1
153,LSEJ_000965,no_strict_e1_improvement,153,153,1,0.2792349513620138,0.05052489601075649,0.0,0.012394260615110397,0.012394260615110397,0.3421541079878807,0,,,,,1,0,1,1,1,1,1,4,0,0,-1,current,0,0.43864021773139633,0.43864021773139633,148,100,100,100,100,0,1,1,1,1,1.0,1.0,1.0,1.0,1.0,1.0,1.0,1.0,1.0,1.0,1.0,1.0,1.0,1.0,0,0
154,LSEJ_000968,no_strict_e1_improvement,154,154,1,0.27242543920874596,0.052799591794610023,0.0,0.012822659686207771,0.012822659686207771,0.33804769068956375,0,,,,,1,0,1,1,1,1,1,4,0,0,-1,current,0,0.4728427213099268,0.4728427213099268,168,100,100,100,100,0,1,1,1,1,1.0,1.0,1.0,1.0,1.0,1.0,1.0,1.0,1.0,1.0,1.0,1.0,1.0,1.0,0,0
155,LSEJ_000973,no_strict_e1_improvement,155,155,1,0.2919555138796568,0.05075051449239254,0.0,0.013028178364038467,0.013028178364038467,0.3557342067360878,0,,,,,1,0,1,1,1,1,1,4,0,0,-1,current,0,0.3946886271238327,0.3946886271238327,174,100,100,100,100,0,1,1,1,1,1.0,1.0,1.0,1.0,1.0,1.0,1.0,1.0,1.0,1.0,1.0,1.0,1.0,1.0,0,0
156,LSEJ_000980,no_strict_e1_improvement,156,156,1,0.27344132401049137,0.05065194517374039,0.0,0.0126993078738451,0.0126993078738451,0.33679257705807686,0,,,,,1,0,1,1,1,1,1,4,0,0,-1,current,0,0.518686795896954,0.518686795896954,161,100,100,100,100,0,1,1,1,1,1.0,1.0,1.0,1.0,1.0,1.0,1.0,1.0,1.0,1.0,1.0,1.0,1.0,1.0,0,0
157,LSEJ_000990,max_rounds,157,157,1,0.2770432513207197,0.1018899567425251,0.0,2.3647731244564056,2.3647731244564056,2.7437063325196505,0,,,,,1,1,13,12,12,48,48,4,0,-2,1,profiled_beam,1,0.5782002169224951,0.527159395813942,123,0,0,55,61,61,0,0,0,0,0.0,0.0,0.55,0.61,0.6888888888888889,0.8222222222222222,0.8777777777777778,0.8111111111111111,0.8444444444444444,0.8666666666666667,0.75,0.75,0.8333333333333334,0.8722222222222222,1,6
158,LSEJ_000994,max_rounds,158,158,1,0.27363097853958607,0.15620039217174053,0.0,2.5522016044706106,2.5522016044706106,2.982032975181937,0,,,,,1,1,13,12,12,47,47,4,0,0,1,profiled_beam,1,0.5865731817152765,0.5153875877459844,92,71,71,80,89,18,0,0,0,0,0.71,0.71,0.8,0.89,0.6777777777777778,0.7555555555555555,0.8555555555555555,0.6333333333333333,0.7555555555555555,0.8444444444444444,0.6555555555555556,0.6555555555555556,0.7555555555555555,0.85,1,9
159,LSEJ_000998,no_strict_e1_improvement,159,159,1,0.26398158073425293,0.1400829814374447,0.0,0.0393743384629488,0.0393743384629488,0.4434389006346464,0,,,,,1,0,2,1,1,4,4,4,0,0,-1,current,0,0.45494487856825194,0.45494487856825194,121,98,98,98,98,0,0,0,0,0,0.98,0.98,0.98,0.98,0.9555555555555556,0.9555555555555556,0.9555555555555556,0.9555555555555556,0.9555555555555556,0.9555555555555556,0.9555555555555556,0.9555555555555556,0.9555555555555556,0.9555555555555556,0,0
160,LSEJ_001006,max_rounds,160,160,1,0.27937980741262436,0.14304793067276478,0.0,1.4933568481355906,1.4933568481355906,1.9157845862209797,0,,,,,1,1,9,8,8,32,32,4,0,-1,1,profiled_beam,1,0.6166273960423294,0.5820505823710442,116,18,18,18,89,71,0,0,0,0,0.18,0.18,0.18,0.89,0.7,0.7,0.8444444444444444,0.8444444444444444,0.8444444444444444,0.8555555555555555,0.7722222222222223,0.7722222222222223,0.7722222222222223,0.85,1,71
161,LSEJ_001011,max_rounds,161,161,1,0.27443651109933853,0.1611904799938202,0.0,4.8885785061866045,4.8885785061866045,5.324205497279763,0,,,,,1,1,17,16,16,64,64,4,-1,1,1,profiled_beam,1,0.4856542360037565,0.44619543515145776,84,41,41,2,0,-41,0,0,0,0,0.41,0.41,0.02,0.0,0.5222222222222223,0.45555555555555555,0.5888888888888889,0.5444444444444444,0.4444444444444444,0.5111111111111111,0.5333333333333333,0.5333333333333333,0.45,0.55,1,-2
162,LSEJ_001013,max_rounds,162,162,1,0.2805802635848522,0.08890512585639954,0.0,0.037757983431220055,0.037757983431220055,0.4072433728724718,0,,,,,1,1,2,1,1,4,4,4,0,0,1,profiled_beam,1,0.4674742891556687,0.45670688938763404,124,89,89,90,98,9,0,0,0,0,0.89,0.89,0.9,0.98,0.9222222222222223,0.9222222222222223,0.9666666666666667,0.9111111111111111,0.9333333333333333,0.9777777777777777,0.9166666666666666,0.9166666666666666,0.9277777777777778,0.9722222222222222,1,8
163,LSEJ_001025,no_strict_e1_improvement,163,163,1,0.32150505669414997,0.07037376798689365,0.0,0.018978949636220932,0.018978949636220932,0.41085777431726456,0,,,,,1,0,1,1,1,1,1,4,0,0,-1,current,0,0.5308671601944499,0.5308671601944499,149,100,100,100,100,0,1,1,1,1,1.0,1.0,1.0,1.0,1.0,1.0,1.0,1.0,1.0,1.0,1.0,1.0,1.0,1.0,0,0
164,LSEJ_001031,no_strict_e1_improvement,164,164,1,0.27859404496848583,0.051673250272870064,0.0,0.020323971286416054,0.020323971286416054,0.35059126652777195,0,,,,,1,0,1,1,1,3,3,4,0,0,-1,current,0,0.6277949248751005,0.6277949248751005,145,100,100,100,100,0,1,1,1,1,1.0,1.0,1.0,1.0,1.0,1.0,1.0,1.0,1.0,1.0,1.0,1.0,1.0,1.0,0,0
165,LSEJ_001032,max_rounds,165,165,1,0.27748039178550243,0.14596278592944145,0.0,0.04601381905376911,0.04601381905376911,0.469456996768713,0,,,,,1,1,2,1,1,4,4,4,0,0,0,s1a3_greedy,1,0.6308112757073508,0.6210102518399556,124,94,94,100,100,6,0,0,1,1,0.94,0.94,1.0,1.0,0.9333333333333333,1.0,1.0,0.9444444444444444,1.0,1.0,0.9388888888888889,0.9388888888888889,1.0,1.0,0,0
166,LSEJ_001037,no_strict_e1_improvement,166,166,1,0.27895611338317394,0.07201353274285793,0.0,0.02844102680683136,0.02844102680683136,0.37941067293286324,0,,,,,1,0,1,1,1,2,2,4,0,0,-1,current,0,0.6226961322956615,0.6226961322956615,137,100,100,100,100,0,1,1,1,1,1.0,1.0,1.0,1.0,1.0,1.0,1.0,1.0,1.0,1.0,1.0,1.0,1.0,1.0,0,0
167,LSEJ_001044,max_rounds,167,167,1,0.28013233095407486,0.18824145570397377,0.0,27.15481749922037,27.15481749922037,27.62319128587842,0,,,,,1,1,50,49,49,194,194,4,4,-1,1,profiled_beam,1,0.7161575925019052,0.6755447174112003,51,1,1,0,0,-1,0,0,0,0,0.01,0.01,0.0,0.0,0.24444444444444444,0.3111111111111111,0.45555555555555555,0.2777777777777778,0.3111111111111111,0.43333333333333335,0.2611111111111111,0.2611111111111111,0.3111111111111111,0.4444444444444444,1,0
168,LSEJ_001050,no_strict_e1_improvement,168,168,1,0.28634705394506454,0.05023026838898659,0.0,0.01982906274497509,0.01982906274497509,0.3564063850790262,0,,,,,1,0,1,1,1,4,4,4,0,0,-1,current,0,0.5366293303668499,0.5366293303668499,150,100,100,100,100,0,1,1,1,1,1.0,1.0,1.0,1.0,1.0,1.0,1.0,1.0,1.0,1.0,1.0,1.0,1.0,1.0,0,0
169,LSEJ_001052,no_strict_e1_improvement,169,169,1,0.27338727936148643,0.05087971314787865,0.0,0.012760801240801811,0.012760801240801811,0.3370277937501669,0,,,,,1,0,1,1,1,1,1,4,0,0,-1,current,0,0.5422410814298524,0.5422410814298524,157,100,100,100,100,0,1,1,1,1,1.0,1.0,1.0,1.0,1.0,1.0,1.0,1.0,1.0,1.0,1.0,1.0,1.0,1.0,0,0
170,LSEJ_001056,no_strict_e1_improvement,170,170,1,0.2774091958999634,0.05069771967828274,0.0,0.012700635939836502,0.012700635939836502,0.3408075515180826,0,,,,,1,0,1,1,1,1,1,4,0,0,-1,current,0,0.510767692161931,0.510767692161931,152,100,100,100,100,0,1,1,1,1,1.0,1.0,1.0,1.0,1.0,1.0,1.0,1.0,1.0,1.0,1.0,1.0,1.0,1.0,0,0
171,LSEJ_001067,max_rounds,171,171,1,0.2784365117549896,0.09772373735904694,0.0,0.018047401681542397,0.018047401681542397,0.39420765079557896,0,,,,,1,1,2,1,1,2,2,4,0,0,0,s1a3_greedy,1,0.5053226194447942,0.49940068274736404,147,98,98,100,100,2,0,0,1,1,0.98,0.98,1.0,1.0,0.9666666666666667,1.0,1.0,0.9555555555555556,1.0,1.0,0.9611111111111111,0.9611111111111111,1.0,1.0,0,0
172,LSEJ_001070,max_rounds,172,172,1,0.2781184408813715,0.14213038235902786,0.0,7.432637358084321,7.432637358084321,7.85288618132472,0,,,,,1,1,21,20,20,80,80,4,0,0,1,profiled_beam,1,0.6620700183841918,0.6477382212877274,91,69,69,69,66,-3,0,0,0,0,0.69,0.69,0.69,0.66,0.7333333333333333,0.7333333333333333,0.7111111111111111,0.6222222222222222,0.6222222222222222,0.6111111111111112,0.6777777777777778,0.6777777777777778,0.6777777777777778,0.6611111111111111,1,-3
173,LSEJ_001081,max_rounds,173,173,1,0.2750178091228008,0.10646890290081501,0.0,0.03683431074023247,0.03683431074023247,0.4183210227638483,0,,,,,1,1,2,1,1,3,3,4,0,0,1,profiled_beam,1,0.542939130630758,0.519058517449432,135,92,92,94,100,8,0,0,0,1,0.92,0.92,0.94,1.0,0.9222222222222223,0.9333333333333333,1.0,0.9111111111111111,0.9777777777777777,1.0,0.9166666666666666,0.9166666666666666,0.9555555555555556,1.0,1,6
174,LSEJ_001085,max_rounds,174,174,1,0.2636198438704014,0.10712882690131664,0.0,0.27449928037822247,0.27449928037822247,0.6452479511499405,0,,,,,1,1,4,3,3,12,12,4,0,0,1,profiled_beam,1,0.6093369232283699,0.5546310952968068,123,86,86,97,100,14,0,0,0,1,0.86,0.86,0.97,1.0,0.8333333333333334,0.9555555555555556,1.0,0.8333333333333334,0.9444444444444444,1.0,0.8333333333333334,0.8333333333333334,0.95,1.0,1,3
175,LSEJ_001097,max_rounds,175,175,1,0.28099362552165985,0.10603130795061588,0.0,0.026311852037906647,0.026311852037906647,0.4133367855101824,0,,,,,1,1,2,1,1,3,3,4,0,0,1,profiled_beam,1,0.5037530632379155,0.4992476287194424,133,92,92,93,92,0,0,0,0,0,0.92,0.92,0.93,0.92,0.9111111111111111,0.9333333333333333,0.9222222222222223,0.8444444444444444,0.8777777777777778,0.8777777777777778,0.8777777777777778,0.8777777777777778,0.9055555555555556,0.9,1,-1
176,LSEJ_001102,no_strict_e1_improvement,176,176,1,0.2829667329788208,0.07070504501461983,0.0,0.021202636882662773,0.021202636882662773,0.3748744148761034,0,,,,,1,0,2,1,1,4,4,4,0,0,-1,current,0,0.4370728116689457,0.4370728116689457,164,97,97,97,97,0,0,0,0,0,0.97,0.97,0.97,0.97,0.9666666666666667,0.9666666666666667,0.9666666666666667,0.9555555555555556,0.9555555555555556,0.9555555555555556,0.9611111111111111,0.9611111111111111,0.9611111111111111,0.9611111111111111,0,0
177,LSEJ_001113,max_rounds,177,177,1,0.2804778218269348,0.15346693992614746,0.0,2.259498292580247,2.259498292580247,2.693443054333329,0,,,,,1,1,11,10,10,40,40,4,1,0,1,profiled_beam,1,0.48901834914253817,0.4368147600442171,77,3,3,0,3,0,0,0,0,0,0.03,0.03,0.0,0.03,0.5111111111111111,0.45555555555555555,0.5,0.4777777777777778,0.45555555555555555,0.5,0.49444444444444446,0.49444444444444446,0.45555555555555555,0.5,1,3
178,LSEJ_001115,no_strict_e1_improvement,178,178,1,0.2849376406520605,0.05112707242369652,0.0,0.012999920174479485,0.012999920174479485,0.3490646332502365,0,,,,,1,0,1,1,1,1,1,4,0,0,-1,current,0,0.38949231679240864,0.38949231679240864,175,100,100,100,100,0,1,1,1,1,1.0,1.0,1.0,1.0,1.0,1.0,1.0,1.0,1.0,1.0,1.0,1.0,1.0,1.0,0,0
179,LSEJ_001123,no_strict_e1_improvement,179,179,1,0.29375601559877396,0.05155289173126221,0.0,0.015158887952566147,0.015158887952566147,0.3604677952826023,0,,,,,1,0,1,1,1,2,2,4,0,0,-1,current,0,0.5506034812993473,0.5506034812993473,158,100,100,100,100,0,1,1,1,1,1.0,1.0,1.0,1.0,1.0,1.0,1.0,1.0,1.0,1.0,1.0,1.0,1.0,1.0,0,0
180,LSEJ_001134,no_strict_e1_improvement,180,180,1,0.2813419345766306,0.051423415541648865,0.0,0.012910138815641403,0.012910138815641403,0.34567548893392086,0,,,,,1,0,1,1,1,1,1,4,0,0,-1,current,0,0.45842156724797356,0.45842156724797356,172,100,100,100,100,0,1,1,1,1,1.0,1.0,1.0,1.0,1.0,1.0,1.0,1.0,1.0,1.0,1.0,1.0,1.0,1.0,0,0
181,LSEJ_001137,no_strict_e1_improvement,181,181,1,0.27348523773252964,0.05018709413707256,0.0,0.024562649428844452,0.024562649428844452,0.34823498129844666,0,,,,,1,0,1,1,1,4,4,4,0,0,-1,current,0,0.40576661494043137,0.40576661494043137,152,100,100,100,100,0,1,1,1,1,1.0,1.0,1.0,1.0,1.0,1.0,1.0,1.0,1.0,1.0,1.0,1.0,1.0,1.0,0,0
182,LSEJ_001138,max_rounds,182,182,1,0.2829420305788517,0.11147943139076233,0.0,0.15908297151327133,0.15908297151327133,0.5535044334828854,0,,,,,1,1,3,2,2,8,8,4,1,0,1,profiled_beam,1,0.6556618693802092,0.6238917272951868,127,0,0,86,96,96,0,0,0,0,0.0,0.0,0.86,0.96,0.8555555555555555,0.8777777777777778,0.9555555555555556,0.8333333333333334,0.8444444444444444,0.9555555555555556,0.8444444444444444,0.8444444444444444,0.8611111111111112,0.9555555555555556,1,10
183,LSEJ_001145,no_strict_e1_improvement,183,183,1,0.28246719017624855,0.05150971561670303,0.0,0.012895524501800537,0.012895524501800537,0.3468724302947521,0,,,,,1,0,1,1,1,1,1,4,0,0,-1,current,0,0.39728365863362947,0.39728365863362947,172,100,100,100,100,0,1,1,1,1,1.0,1.0,1.0,1.0,1.0,1.0,1.0,1.0,1.0,1.0,1.0,1.0,1.0,1.0,0,0
184,LSEJ_001152,no_strict_e1_improvement,184,184,1,0.2862176839262247,0.051482804119586945,0.0,0.017637258395552635,0.017637258395552635,0.3553377464413643,0,,,,,1,0,1,1,1,3,3,4,0,0,-1,current,0,0.465728826324145,0.465728826324145,163,100,100,100,100,0,1,1,1,1,1.0,1.0,1.0,1.0,1.0,1.0,1.0,1.0,1.0,1.0,1.0,1.0,1.0,1.0,0,0
185,LSEJ_001164,no_strict_e1_improvement,185,185,1,0.27613998390734196,0.05072861723601818,0.0,0.01309187337756157,0.01309187337756157,0.3399604745209217,0,,,,,1,0,1,1,1,1,1,4,0,0,-1,current,0,0.36637889428271186,0.36637889428271186,170,100,100,100,100,0,1,1,1,1,1.0,1.0,1.0,1.0,1.0,1.0,1.0,1.0,1.0,1.0,1.0,1.0,1.0,1.0,0,0
186,LSEJ_001168,no_strict_e1_improvement,186,186,1,0.2807808928191662,0.05240199714899063,0.0,0.01286325417459011,0.01286325417459011,0.3460461441427469,0,,,,,1,0,1,1,1,1,1,4,0,0,-1,current,0,0.39875536527898575,0.39875536527898575,168,100,100,100,100,0,1,1,1,1,1.0,1.0,1.0,1.0,1.0,1.0,1.0,1.0,1.0,1.0,1.0,1.0,1.0,1.0,0,0
187,LSEJ_001175,no_strict_e1_improvement,187,187,1,0.28747602738440037,0.05032467097043991,0.0,0.015146296471357346,0.015146296471357346,0.3529469948261976,0,,,,,1,0,1,1,1,2,2,4,0,0,-1,current,0,0.3560190809269746,0.3560190809269746,159,100,100,100,100,0,1,1,1,1,1.0,1.0,1.0,1.0,1.0,1.0,1.0,1.0,1.0,1.0,1.0,1.0,1.0,1.0,0,0
188,LSEJ_001180,max_rounds,188,188,1,0.2763591818511486,0.06947195716202259,0.0,0.3691529780626297,0.3691529780626297,0.7149841170758009,0,,,,,1,1,5,4,4,13,13,4,-1,0,0,s1a3_greedy,1,0.5733649027016428,0.5184567953149478,139,20,20,100,100,80,0,0,1,1,0.2,0.2,1.0,1.0,0.9555555555555556,1.0,1.0,0.7555555555555555,1.0,1.0,0.8555555555555555,0.8555555555555555,1.0,1.0,0,0
189,LSEJ_001184,no_strict_e1_improvement,189,189,1,0.26693749986588955,0.0915127843618393,0.0,0.1194804422557354,0.1194804422557354,0.47793072648346424,0,,,,,1,0,3,3,3,9,9,4,0,0,-1,current,0,0.4185389584137334,0.4185389584137334,140,100,100,100,100,0,1,1,1,1,1.0,1.0,1.0,1.0,1.0,1.0,1.0,1.0,1.0,1.0,1.0,1.0,1.0,1.0,0,0
190,LSEJ_001189,no_strict_e1_improvement,190,190,1,0.27533017098903656,0.10781567171216011,0.0,0.025556452572345734,0.025556452572345734,0.4087022952735424,0,,,,,1,0,1,1,1,4,4,4,0,0,-1,current,0,0.5112441116736994,0.5112441116736994,147,100,100,100,100,0,1,1,1,1,1.0,1.0,1.0,1.0,1.0,1.0,1.0,1.0,1.0,1.0,1.0,1.0,1.0,1.0,0,0
191,LSEJ_001194,no_strict_e1_improvement,191,191,1,0.2762871850281954,0.04943239130079746,0.0,0.01492151990532875,0.01492151990532875,0.3406410962343216,0,,,,,1,0,1,1,1,2,2,4,0,0,-1,current,0,0.5956870079040527,0.5956870079040527,147,100,100,100,100,0,1,1,1,1,1.0,1.0,1.0,1.0,1.0,1.0,1.0,1.0,1.0,1.0,1.0,1.0,1.0,1.0,0,0
192,LSEJ_001198,max_rounds,192,192,1,0.28283682093024254,0.11016163788735867,0.0,0.72265250608325,0.72265250608325,1.1156509649008512,0,,,,,1,1,5,4,4,16,16,4,0,0,1,profiled_beam,1,0.6216285020112992,0.6013766038748953,111,0,0,0,6,6,0,0,0,0,0.0,0.0,0.0,0.06,0.8666666666666667,0.8666666666666667,0.9111111111111111,0.5555555555555556,0.5555555555555556,0.6444444444444445,0.7111111111111111,0.7111111111111111,0.7111111111111111,0.7777777777777778,1,6
193,LSEJ_001203,max_rounds,193,193,1,0.27735429257154465,0.14446817710995674,0.0,11.71629541553557,11.71629541553557,12.13811788521707,0,,,,,1,1,26,25,25,100,100,4,0,1,1,profiled_beam,1,0.6982626259275194,0.6498166383088877,53,13,13,0,2,-11,0,0,0,0,0.13,0.13,0.0,0.02,0.5444444444444444,0.5,0.4666666666666667,0.35555555555555557,0.3111111111111111,0.5,0.45,0.45,0.40555555555555556,0.48333333333333334,1,2
194,LSEJ_001215,max_rounds,194,194,1,0.2667006589472294,0.10810267738997936,0.0,0.022986523807048798,0.022986523807048798,0.39778986014425755,0,,,,,1,1,2,1,1,2,2,4,0,0,0,s1a3_greedy,1,0.5830061972141266,0.5696426990959379,123,96,96,100,100,4,0,0,1,1,0.96,0.96,1.0,1.0,0.9777777777777777,1.0,1.0,0.9555555555555556,1.0,1.0,0.9666666666666667,0.9666666666666667,1.0,1.0,0,0
195,LSEJ_001216,max_rounds,195,195,1,0.2808840125799179,0.06992018036544323,0.0,0.8050213903188705,0.8050213903188705,1.1558255832642317,0,,,,,1,1,4,3,3,12,12,4,0,0,1,profiled_beam,1,0.6008615144424968,0.6002189972334437,112,92,92,92,84,-8,0,0,0,0,0.92,0.92,0.92,0.84,0.9444444444444444,0.9444444444444444,0.9111111111111111,0.9111111111111111,0.9111111111111111,0.8222222222222222,0.9277777777777778,0.9277777777777778,0.9277777777777778,0.8666666666666667,1,-8
196,LSEJ_001227,no_strict_e1_improvement,196,196,1,0.27796097099781036,0.05116076581180096,0.0,0.012788522988557816,0.012788522988557816,0.34191025979816914,0,,,,,1,0,1,1,1,1,1,4,0,0,-1,current,0,0.4864343033896552,0.4864343033896552,169,100,100,100,100,0,1,1,1,1,1.0,1.0,1.0,1.0,1.0,1.0,1.0,1.0,1.0,1.0,1.0,1.0,1.0,1.0,0,0
197,LSEJ_001232,max_rounds,197,197,1,0.27031882479786873,0.16887559182941914,0.0,6.063510389998555,6.063510389998555,6.502704806625843,0,,,,,1,1,21,20,20,79,79,4,1,-1,1,profiled_beam,1,0.6437073489030202,0.62424419787195,72,4,4,2,1,-3,0,0,0,0,0.04,0.04,0.02,0.01,0.5888888888888889,0.4666666666666667,0.5222222222222223,0.5,0.4444444444444444,0.4888888888888889,0.5444444444444444,0.5444444444444444,0.45555555555555555,0.5055555555555555,1,-1
198,LSEJ_001239,no_strict_e1_improvement,198,198,1,0.27471441216766834,0.07218180783092976,0.0,0.09355255216360092,0.09355255216360092,0.440448772162199,0,,,,,1,0,1,1,1,3,3,4,0,0,-1,current,0,0.4819377479453882,0.4819377479453882,133,100,100,100,100,0,1,1,1,1,1.0,1.0,1.0,1.0,1.0,1.0,1.0,1.0,1.0,1.0,1.0,1.0,1.0,1.0,0,0
199,LSEJ_001241,max_rounds,199,199,1,0.2912529483437538,0.07182411290705204,0.0,0.016845110803842545,0.016845110803842545,0.3799221720546484,0,,,,,1,1,2,1,1,2,2,4,0,0,0,s1a3_greedy,1,0.5682277487383949,0.5572075295779441,143,97,97,100,100,3,0,0,1,1,0.97,0.97,1.0,1.0,0.9333333333333333,1.0,1.0,0.9777777777777777,1.0,1.0,0.9555555555555556,0.9555555555555556,1.0,1.0,0,0
